4lett	%ULT_Tk	%PULT_Tk	%APULT_Tk	%PAPULT_Tk	nULT_Tk	nPULT_Tk	nAPULT_Tk	nPAPULT_Tk
a'so	0	0	100	0	0	0	1	0
abad	0	100	0	0	0	1	0	0
aban	33.33333333	0	66.66666667	0	2	0	4	0
abas	0	100	0	0	0	1	0	0
abat	0	100	0	0	0	24	0	0
abba	3.513174404	91.09159348	5.39523212	0	56	1452	86	0
abbe	0	90	6.666666667	3.333333333	0	27	2	1
abbi	1.005025126	96.98492462	2.010050251	0	2	193	4	0
abbo	1.683501684	89.56228956	8.754208754	0	5	266	26	0
abbr	5.128205128	89.37728938	5.494505495	0	14	244	15	0
abbu	0	100	0	0	0	14	0	0
abdi	11.11111111	55.55555556	33.33333333	0	1	5	3	0
abdu	100	0	0	0	8	0	0	0
abeb	0	100	0	0	0	6	0	0
abel	0	100	0	0	0	11	0	0
aber	0	100	0	0	0	4	0	0
abet	0	100	0	0	0	40	0	0
abie	0	100	0	0	0	9	0	0
abil	47.4025974	24.02597403	27.27272727	1.298701299	73	37	42	2
abim	100	0	0	0	6	0	0	0
abio	0	100	0	0	0	1	0	0
abis	0	100	0	0	0	37	0	0
abit	0.729927007	54.98783455	41.30170316	2.98053528	12	904	679	49
abiu	0	100	0	0	0	6	0	0
ablu	0	100	0	0	0	4	0	0
abne	0	100	0	0	0	6	0	0
abno	0	100	0	0	0	9	0	0
abol	1.709401709	96.58119658	1.709401709	0	2	113	2	0
abom	0	0	100	0	0	0	8	0
abor	0	93.7007874	6.299212598	0	0	119	8	0
abra	0	94.44444444	5.555555556	0	0	17	1	0
abri	100	0	0	0	6	0	0	0
abro	0	100	0	0	0	18	0	0
abru	0	100	0	0	0	37	0	0
abse	0	100	0	0	0	1	0	0
absi	0	33.33333333	66.66666667	0	0	2	4	0
abul	0	100	0	0	0	3	0	0
abus	0	98.91304348	1.086956522	0	0	182	2	0
acac	0	100	0	0	0	4	0	0
acad	0	100	0	0	0	6	0	0
acan	0	100	0	0	0	1	0	0
acap	0	100	0	0	0	6	0	0
acar	0	0	100	0	0	0	1	0
acca	1.62708883	93.66754617	4.705364996	0	37	2130	107	0
acce	3.203971119	85.7400722	10.78519856	0.270758123	71	1900	239	6
acch	2.564102564	94.87179487	2.564102564	0	1	37	1	0
acci	2.092050209	95.39748954	2.510460251	0	5	228	6	0
accl	0	93.75	6.25	0	0	30	2	0
acco	2.07117853	89.29404901	8.022170362	0.6126021	71	3061	275	21
accr	0	72.82608696	27.17391304	0	0	67	25	0
accu	0.509461426	92.86754003	6.331877729	0.291120815	7	1276	87	4
acef	0	0	100	0	0	0	2	0
acer	0	50	50	0	0	16	16	0
acet	0	97.05882353	2.941176471	0	0	33	1	0
ache	0	100	0	0	0	17	0	0
achi	1.19047619	98.80952381	0	0	1	83	0	0
acic	0	100	0	0	0	1	0	0
acid	6.818181818	3.409090909	89.77272727	0	6	3	79	0
acie	0	100	0	0	0	1	0	0
acil	0	100	0	0	0	5	0	0
acin	0	0	100	0	0	0	2	0
acip	100	0	0	0	2	0	0	0
acir	0	100	0	0	0	11	0	0
acit	0	100	0	0	0	1	0	0
acli	0	100	0	0	0	1	0	0
acor	0	66.66666667	33.33333333	0	0	2	1	0
acos	0	100	0	0	0	5	0	0
acot	100	0	0	0	3	0	0	0
acqu	0.910746812	96.12932605	2.95992714	0	20	2111	65	0
acre	0	0	100	0	0	0	2	0
acri	0	13.33333333	86.66666667	0	0	2	13	0
acro	0	30	70	0	0	12	28	0
actu	0	100	0	0	0	1	0	0
acui	0	88.88888889	11.11111111	0	0	8	1	0
acul	0	0	100	0	0	0	1	0
acum	0	100	0	0	0	14	0	0
acus	0	0	100	0	0	0	37	0
acut	0	98.91304348	1.086956522	0	0	91	1	0
acuz	0	100	0	0	0	1	0	0
adag	5.797101449	81.15942029	13.04347826	0	4	56	9	0
adal	0	100	0	0	0	3	0	0
adam	0	93.75	6.25	0	0	30	2	0
adan	0	100	0	0	0	2	0	0
adat	1.044386423	93.21148825	5.744125326	0	4	357	22	0
adde	0.729927007	87.95620438	10.94890511	0.364963504	2	241	30	1
addi	0.772200772	98.84169884	0.386100386	0	6	768	3	0
addo	1.674641148	96.41148325	1.913875598	0	7	403	8	0
addu	0	100	0	0	0	16	0	0
adeg	0.362318841	97.46376812	2.173913043	0	1	269	6	0
adel	0	84.31372549	15.68627451	0	0	43	8	0
adem	3.703703704	62.96296296	33.33333333	0	1	17	9	0
adep	0	100	0	0	0	13	0	0
ader	1.19760479	89.22155689	9.580838323	0	2	149	16	0
ades	0	100	0	0	0	1408	0	0
adeu	0	100	0	0	0	1	0	0
adia	0	100	0	0	0	12	0	0
adib	0	100	0	0	0	20	0	0
adid	0	0	100	0	0	0	6	0
adig	0	0	100	0	0	0	18	0
adil	100	0	0	0	1	0	0	0
adin	0	100	0	0	0	1	0	0
adio	100	0	0	0	1	0	0	0
adip	0	90.90909091	9.090909091	0	0	10	1	0
adir	0	100	0	0	0	10	0	0
adit	0	0	100	0	0	0	6	0
adiv	0	100	0	0	0	5	0	0
adoc	0	100	0	0	0	3	0	0
adol	0	100	0	0	0	182	0	0
adom	0	88.88888889	11.11111111	0	0	8	1	0
adon	33.33333333	66.66666667	0	0	2	4	0	0
adop	9.090909091	54.54545455	27.27272727	9.090909091	5	30	15	5
ador	0	84.21052632	15.78947368	0	0	128	24	0
adot	2.29226361	92.83667622	4.871060172	0	8	324	17	0
adoz	0	100	0	0	0	56	0	0
adra	0	100	0	0	0	2	0	0
adre	0	100	0	0	0	10	0	0
adri	0	64.33566434	35.66433566	0	0	92	51	0
adro	0	100	0	0	0	1	0	0
adub	0	100	0	0	0	2	0	0
adul	0	92.1182266	7.881773399	0	0	187	16	0
adun	0	100	0	0	0	13	0	0
adus	0	100	0	0	0	2	0	0
aera	0	100	0	0	0	7	0	0
aere	0	0.411522634	99.58847737	0	0	1	242	0
aero	0.806451613	67.74193548	31.4516129	0	2	168	78	0
afas	0	85.71428571	14.28571429	0	0	6	1	0
affa	1.228878648	94.16282642	4.608294931	0	16	1226	60	0
affe	3.203342618	91.29526462	5.501392758	0	46	1311	79	0
affi	11.60784314	81.41176471	6.980392157	0	148	1038	89	0
affl	1.550387597	84.49612403	13.95348837	0	2	109	18	0
affo	2.834008097	81.78137652	15.38461538	0	7	202	38	0
affr	4.667444574	91.48191365	3.850641774	0	40	784	33	0
affu	0	100	0	0	0	23	0	0
afga	0	0	100	0	0	0	4	0
afgh	0	0	100	0	0	0	3	0
afon	0	0	100	0	0	0	3	0
afor	0	100	0	0	0	4	0	0
afos	0	100	0	0	0	11	0	0
afra	0	0	100	0	0	0	1	0
afri	2.803738318	40.18691589	57.00934579	0	9	129	183	0
afro	0	33.33333333	66.66666667	0	0	8	16	0
afte	0	100	0	0	0	13	0	0
agad	100	0	0	0	3	0	0	0
agam	0	0	100	0	0	0	1	0
agap	0	0	100	0	0	0	4	0
agas	0	100	0	0	0	20	0	0
agat	0	53.33333333	46.66666667	0	0	16	14	0
agav	0	0	100	0	0	0	1	0
agen	0.159489633	99.5215311	0.318979266	0	1	624	2	0
ager	0	100	0	0	0	3	0	0
ages	0	100	0	0	0	1	0	0
agev	1.769911504	72.56637168	25.66371681	0	2	82	29	0
agga	0	98	2	0	0	49	1	0
agge	0	97.14285714	2.857142857	0	0	34	1	0
aggh	0	100	0	0	0	32	0	0
aggi	1.462174189	83.08963764	15.38461538	0.063572791	23	1307	242	1
aggl	0	87.5	12.5	0	0	7	1	0
aggr	10.16949153	86.13251156	3.697996918	0	66	559	24	0
aggu	0.840336134	95.79831933	3.361344538	0	1	114	4	0
aghi	0	100	0	0	0	12	0	0
agia	0	100	0	0	0	11	0	0
agib	80	0	20	0	4	0	1	0
agil	33.33333333	4.545454545	62.12121212	0	22	3	41	0
agio	0	66.66666667	33.33333333	0	0	2	1	0
agir	0.344827586	87.5862069	12.06896552	0	1	254	35	0
agit	3.289473684	71.71052632	16.44736842	8.552631579	5	109	25	13
agli	0	100	0	0	0	53	0	0
agme	100	0	0	0	1	0	0	0
agna	0	100	0	0	0	2	0	0
agne	0	100	0	0	0	133	0	0
agni	0	100	0	0	0	1	0	0
agno	25	25	50	0	3	3	6	0
agog	9.090909091	90.90909091	0	0	1	10	0	0
agon	0	58.33333333	41.66666667	0	0	56	40	0
agop	0	100	0	0	0	24	0	0
agor	66.66666667	33.33333333	0	0	2	1	0	0
agos	0	100	0	0	0	523	0	0
agra	0	100	0	0	0	13	0	0
agre	0	100	0	0	0	6	0	0
agri	0	55.03875969	44.96124031	0	0	142	116	0
agro	0	84.61538462	15.38461538	0	0	22	4	0
agru	0	95.65217391	4.347826087	0	0	22	1	0
agui	0	100	0	0	0	24	0	0
agus	0	100	0	0	0	12	0	0
aguz	3.846153846	96.15384615	0	0	1	25	0	0
ahil	0	100	0	0	0	1	0	0
ahim	100	0	0	0	27	0	0	0
ahin	0	100	0	0	0	1	0	0
aiac	0	100	0	0	0	3	0	0
aidi	100	0	0	0	21	0	0	0
aido	0	100	0	0	0	4	0	0
aiel	0	100	0	0	0	5	0	0
aime	0	100	0	0	0	1	0	0
aimo	0	100	0	0	0	3	0	0
aira	0	100	0	0	0	1	0	0
airb	100	0	0	0	22	0	0	0
airo	0	100	0	0	0	18	0	0
aiss	0	100	0	0	0	1	0	0
aita	0	100	0	0	0	11	0	0
aiut	2.833333333	92.25	4.916666667	0	34	1107	59	0
aizz	0	66.66666667	33.33333333	0	0	2	1	0
ajel	0	100	0	0	0	2	0	0
akab	0	100	0	0	0	1	0	0
akat	0	100	0	0	0	1	0	0
akir	0	100	0	0	0	2	0	0
akka	0	0	100	0	0	0	2	0
akro	0	0	100	0	0	0	2	0
aktu	0	100	0	0	0	1	0	0
alab	0	100	0	0	0	16	0	0
alac	33.33333333	66.66666667	0	0	1	2	0	0
alad	0	33.33333333	66.66666667	0	0	5	10	0
alag	66.66666667	33.33333333	0	0	4	2	0	0
alai	96.07843137	3.921568627	0	0	49	2	0	0
alal	50	50	0	0	1	1	0	0
alam	0	75	25	0	0	9	3	0
alan	0	100	0	0	0	1	0	0
alar	40	60	0	0	2	3	0	0
alas	0	100	0	0	0	5	0	0
alat	0	60	40	0	0	12	8	0
alba	0.840336134	93.27731092	5.882352941	0	1	111	7	0
albe	0.397219464	68.5203575	31.08242304	0	4	690	313	0
albi	8.695652174	80.43478261	10.86956522	0	4	37	5	0
albo	0	94.73684211	5.263157895	0	0	18	1	0
albr	0	100	0	0	0	2	0	0
albu	0	100	0	0	0	138	0	0
alca	11.11111111	50	38.88888889	0	4	18	14	0
alce	0	100	0	0	0	1	0	0
alch	0	80	20	0	0	16	4	0
alci	0	87.5	12.5	0	0	7	1	0
alco	0	80.79470199	19.20529801	0	0	122	29	0
alcu	10.11278195	89.88721805	0	0	269	2391	0	0
alda	0	100	0	0	0	1	0	0
alde	25	50	25	0	1	2	1	0
aldi	90	10	0	0	27	3	0	0
aldo	0	100	0	0	0	7	0	0
aldr	100	0	0	0	1	0	0	0
alea	0	100	0	0	0	11	0	0
alec	0	100	0	0	0	2	0	0
aleg	6.896551724	79.31034483	13.79310345	0	2	23	4	0
alem	0	100	0	0	0	109	0	0
alen	0	100	0	0	0	17	0	0
alep	0	100	0	0	0	2	0	0
aler	0	100	0	0	0	1	0	0
ales	0	100	0	0	0	367	0	0
alet	0	100	0	0	0	9	0	0
alex	0	100	0	0	0	30	0	0
alfa	0	77.5	22.5	0	0	31	9	0
alfe	0	100	0	0	0	4	0	0
alfi	0	100	0	0	0	51	0	0
alfo	0	100	0	0	0	45	0	0
alfr	0	100	0	0	0	93	0	0
alga	0	100	0	0	0	27	0	0
alge	0	96.11650485	3.883495146	0	0	99	4	0
algh	0	100	0	0	0	3	0	0
algi	5.882352941	0	94.11764706	0	1	0	16	0
algo	66.66666667	0	33.33333333	0	2	0	1	0
algr	0	100	0	0	0	2	0	0
alha	0	100	0	0	0	1	0	0
alia	0	100	0	0	0	19	0	0
alib	0	6	94	0	0	3	47	0
alic	0	100	0	0	0	87	0	0
alid	0	0	100	0	0	0	7	0
alie	0	93.75	6.25	0	0	45	3	0
alig	0	100	0	0	0	8	0	0
alim	0.765306122	95.40816327	3.826530612	0	3	374	15	0
alin	0	100	0	0	0	29	0	0
alip	0	100	0	0	0	1	0	0
aliq	0	0	100	0	0	0	16	0
alir	0	100	0	0	0	2	0	0
alis	0	85.71428571	14.28571429	0	0	12	2	0
alit	0	70	30	0	0	21	9	0
all'	1.193058568	97.8308026	0.976138829	0	11	902	9	0
alla	3.846153846	92.46794872	3.685897436	0	24	577	23	0
alle	0.355239787	96.74363529	2.901124926	0	6	1634	49	0
alli	0.847457627	91.10169492	7.203389831	0.847457627	2	215	17	2
allo	2.352437981	95.59452524	2.010265184	0.0427716	55	2235	47	1
allu	3.532608696	86.95652174	9.510869565	0	13	320	35	0
alma	0	100	0	0	0	8	0	0
alme	0	100	0	0	0	1148	0	0
almi	0	80	20	0	0	8	2	0
almo	0	90	10	0	0	9	1	0
alog	0	0	100	0	0	0	5	0
aloi	0	100	0	0	0	2	0	0
alon	0	100	0	0	0	20	0	0
alop	0	0	100	0	0	0	2	0
alot	0	100	0	0	0	6	0	0
alpa	0	100	0	0	0	1	0	0
alpe	0	100	0	0	0	5	0	0
alph	0	100	0	0	0	4	0	0
alpi	0	96.03174603	3.968253968	0	0	121	5	0
alpo	0	100	0	0	0	1	0	0
alqu	0	100	0	0	0	41	0	0
alsa	0	87.5	12.5	0	0	7	1	0
alta	2.205882353	96.32352941	1.470588235	0	3	131	2	0
alte	1.894451962	93.36941813	4.059539919	0.676589986	14	690	30	5
alti	0	31.46067416	68.53932584	0	0	28	61	0
alto	10.76923077	87.69230769	1.538461538	0	7	57	1	0
altr	0.129896083	99.87010392	0	0	13	9995	0	0
altu	0	100	0	0	0	18	0	0
aluc	0	100	0	0	0	1	0	0
aluj	0	100	0	0	0	10	0	0
alun	0	100	0	0	0	3	0	0
alva	0	88.88888889	11.11111111	0	0	8	1	0
alve	13.04347826	60.86956522	26.08695652	0	3	14	6	0
alvi	40	60	0	0	2	3	0	0
alza	1.400560224	85.99439776	12.60504202	0	5	307	45	0
alze	0	100	0	0	0	1	0	0
alzo	0	0	100	0	0	0	1	0
amab	9.090909091	22.72727273	68.18181818	0	2	5	15	0
amac	0	100	0	0	0	6	0	0
amad	4.166666667	95.83333333	0	0	1	23	0	0
amal	2.083333333	85.41666667	8.333333333	4.166666667	1	41	4	2
aman	0	99.27797834	0.722021661	0	0	275	2	0
amar	1.347708895	86.92722372	11.72506739	0	10	645	87	0
amas	0	100	0	0	0	2	0	0
amat	0	100	0	0	0	402	0	0
amaz	0	33.33333333	66.66666667	0	0	9	18	0
amba	1.282051282	98.71794872	0	0	2	154	0	0
ambe	0	100	0	0	0	30	0	0
ambi	3.018268467	84.82922955	12.15250199	0	38	1068	153	0
ambo	0	50	50	0	0	1	1	0
ambr	0	91.24087591	8.759124088	0	0	125	12	0
ambu	0	100	0	0	0	140	0	0
ameb	0	100	0	0	0	3	0	0
amed	0	100	0	0	0	42	0	0
amel	0	100	0	0	0	53	0	0
amen	12.90322581	32.25806452	54.83870968	0	4	10	17	0
amer	0	64.9909146	35.0090854	0	0	1073	578	0
amet	0	100	0	0	0	1	0	0
amfe	0	100	0	0	0	1	0	0
amia	0	100	0	0	0	1	0	0
amic	0	96.68071654	3.319283456	0	0	1835	63	0
amid	0	25	75	0	0	1	3	0
amig	0	100	0	0	0	6	0	0
amil	0	0	100	0	0	0	2	0
amin	0	7.692307692	92.30769231	0	0	1	12	0
amir	0	0	100	0	0	0	2	0
amis	0	100	0	0	0	4	0	0
amle	0	77.77777778	22.22222222	0	0	14	4	0
amma	2.926829268	90.97560976	6.097560976	0	12	373	25	0
amme	0.522648084	78.39721254	21.08013937	0	3	450	121	0
ammi	0.762066046	95.59695174	3.640982218	0	9	1129	43	0
ammo	3.265306122	84.48979592	12.24489796	0	8	207	30	0
ammu	7.5	72.5	20	0	3	29	8	0
amne	0	18.51851852	81.48148148	0	0	5	22	0
amni	0	78.57142857	21.42857143	0	0	11	3	0
amod	0	100	0	0	0	16	0	0
amor	0	99.4875549	0.512445095	0	0	1359	7	0
ampa	0	100	0	0	0	2	0	0
ampe	0	100	0	0	0	9	0	0
ampi	0	100	0	0	0	301	0	0
ampl	0.900900901	87.38738739	10.81081081	0.900900901	1	97	12	1
ampo	0	100	0	0	0	10	0	0
ampu	0	85.71428571	14.28571429	0	0	12	2	0
amri	0	0	100	0	0	0	2	0
amst	0	0	100	0	0	0	26	0
amul	0	100	0	0	0	2	0	0
amur	0	100	0	0	0	2	0	0
anab	0	87.5	12.5	0	0	7	1	0
anac	0	25	75	0	0	4	12	0
anad	0	33.33333333	66.66666667	0	0	1	2	0
anae	0	0	100	0	0	0	1	0
anaf	0	100	0	0	0	1	0	0
anag	0	11.47540984	88.52459016	0	0	7	54	0
anal	0.159744409	35.14376997	64.69648562	0	1	220	405	0
anam	0	100	0	0	0	7	0	0
anan	0	11.76470588	88.23529412	0	0	2	15	0
anap	0	100	0	0	0	4	0	0
anar	0	23.68421053	76.31578947	0	0	9	29	0
anas	0	90.90909091	9.090909091	0	0	10	1	0
anat	0	64.38356164	35.61643836	0	0	47	26	0
anba	100	0	0	0	2	0	0	0
anca	0	100	0	0	0	8	0	0
ance	0	100	0	0	0	23	0	0
anch	0.007470492	99.99252951	0	0	1	13385	0	0
anci	0	100	0	0	0	2	0	0
anco	4.158834586	95.51221805	0.281954887	0.046992481	177	4065	12	2
anda	4.47063605	85.53139606	9.591546434	0.406421459	220	4209	472	20
ande	0	20	80	0	0	5	20	0
andi	0	95	5	0	0	19	1	0
ando	0	100	0	0	0	6	0	0
andr	7.165109034	90.49844237	2.336448598	0	46	581	15	0
aned	0	0	100	0	0	0	24	0
anel	0	96.15384615	3.846153846	0	0	100	4	0
anem	0	33.33333333	66.66666667	0	0	6	12	0
anes	0	76.66666667	23.33333333	0	0	23	7	0
anet	0	100	0	0	0	4	0	0
aneu	0	100	0	0	0	1	0	0
anfe	0	92.85714286	7.142857143	0	0	13	1	0
anfi	0	100	0	0	0	30	0	0
anfo	0	62.5	37.5	0	0	5	3	0
anfr	0	100	0	0	0	12	0	0
ange	2.558139535	1.162790698	96.27906977	0	11	5	414	0
angh	0	100	0	0	0	5	0	0
angi	3.571428571	85.71428571	10.71428571	0	1	24	3	0
angl	0	66.07142857	33.92857143	0	0	37	19	0
ango	0	42.0233463	57.9766537	0	0	216	298	0
angr	0	100	0	0	0	7	0	0
angu	2.272727273	95.45454545	2.272727273	0	1	42	1	0
ania	0	100	0	0	0	4	0	0
anid	0	100	0	0	0	16	0	0
anie	0	100	0	0	0	4	0	0
anil	0	100	0	0	0	3	0	0
anim	0.5907173	52.15189873	46.41350211	0.843881857	7	618	550	10
anit	0	100	0	0	0	14	0	0
anja	0	100	0	0	0	1	0	0
anka	0	100	0	0	0	6	0	0
anna	3	96	1	0	3	96	1	0
anne	7.070707071	89.8989899	3.03030303	0	7	89	3	0
anni	0	85.81081081	13.51351351	0.675675676	0	127	20	1
anno	1.242236025	88.19875776	9.937888199	0.621118012	2	142	16	1
annu	5.766423358	90.2919708	3.941605839	0	79	1237	54	0
anoi	0	100	0	0	0	1	0	0
anom	0	27.86885246	72.13114754	0	0	17	44	0
anon	0.588235294	17.64705882	81.76470588	0	1	30	139	0
anor	4.255319149	76.59574468	19.14893617	0	2	36	9	0
ansa	0	100	0	0	0	21	0	0
anse	0	100	0	0	0	22	0	0
ansi	2.564102564	93.58974359	3.846153846	0	6	219	9	0
anso	0	100	0	0	0	2	0	0
anta	0	91.66666667	8.333333333	0	0	33	3	0
ante	0	98.07692308	1.923076923	0	0	204	4	0
anth	0	0	100	0	0	0	17	0
anti	3.681290973	77.10539586	19.06202723	0.15128593	73	1529	378	3
anto	0.130718954	98.69281046	1.176470588	0	1	755	9	0
antr	1.428571429	42.85714286	55.71428571	0	1	30	39	0
antu	0	100	0	0	0	1	0	0
anul	0	100	0	0	0	7	0	0
anve	0	100	0	0	0	10	0	0
anza	0	100	0	0	0	2	0	0
anzi	31.79916318	68.20083682	0	0	152	326	0	0
aort	0	66.66666667	33.33333333	0	0	4	2	0
aost	0	100	0	0	0	33	0	0
apat	0	71.42857143	28.57142857	0	0	5	2	0
aper	0	99.89594173	0.104058273	0	0	960	1	0
apic	0	26.08695652	73.91304348	0	0	6	17	0
apne	0	100	0	0	0	14	0	0
apoc	0	47.22222222	52.77777778	0	0	17	19	0
apod	0	0	100	0	0	0	1	0
apog	0	100	0	0	0	12	0	0
apol	6.493506494	77.92207792	15.58441558	0	5	60	12	0
apon	0	100	0	0	0	2	0	0
apop	0	33.33333333	66.66666667	0	0	1	2	0
apor	0	100	0	0	0	2	0	0
apos	4.918032787	16.39344262	78.68852459	0	3	10	48	0
apot	0	100	0	0	0	10	0	0
appa	0.887096774	91.16935484	7.943548387	0	22	2261	197	0
appe	0.124533001	98.13200498	1.743462017	0	2	1576	28	0
appi	2.608695652	93.91304348	3.47826087	0	3	108	4	0
appl	1.57480315	88.81889764	7.874015748	1.732283465	10	564	50	11
appo	3.784570597	82.6783115	13.5371179	0	26	568	93	0
appr	1.956135151	92.76822762	5.216360403	0.059276823	33	1565	88	1
appu	0.403225806	99.46236559	0.134408602	0	3	740	1	0
apri	4.026845638	89.03803132	6.935123043	0	54	1194	93	0
apro	0	0	100	0	0	0	1	0
apua	0	100	0	0	0	2	0	0
apul	0	50	50	0	0	1	1	0
apuz	0	100	0	0	0	1	0	0
aqui	0	38.46153846	61.53846154	0	0	25	40	0
arab	0	21.07623318	78.92376682	0	0	47	176	0
arac	0	0	100	0	0	0	1	0
araf	100	0	0	0	57	0	0	0
arag	2.040816327	91.83673469	6.12244898	0	1	45	3	0
arak	0	100	0	0	0	1	0	0
aral	0	14.28571429	85.71428571	0	0	1	6	0
aram	50	0	50	0	2	0	2	0
aran	0	99.21259843	0.787401575	0	0	126	1	0
arar	0	66.66666667	33.33333333	0	0	2	1	0
arat	0	100	0	0	0	3	0	0
araz	0	100	0	0	0	16	0	0
arba	0	100	0	0	0	1	0	0
arbi	2.259887006	46.89265537	50.84745763	0	4	83	90	0
arbo	2.43902439	9.756097561	87.80487805	0	1	4	36	0
arbu	0	100	0	0	0	20	0	0
arca	1.265822785	64.55696203	34.17721519	0	1	51	27	0
arce	0	80	20	0	0	4	1	0
arch	0.157232704	73.58490566	26.25786164	0	1	468	167	0
arci	0	41.37931034	58.62068966	0	0	48	68	0
arco	0	54.6875	45.3125	0	0	35	29	0
arcu	12.5	87.5	0	0	1	7	0	0
arda	0	100	0	0	0	2	0	0
arde	4.054054054	79.72972973	16.21621622	0	3	59	12	0
ardi	4	96	0	0	2	48	0	0
ardo	0	100	0	0	0	17	0	0
ardu	0	3.225806452	96.77419355	0	0	1	30	0
area	50	50	0	0	1	1	0	0
arec	0	100	0	0	0	2	0	0
areg	0	100	0	0	0	1	0	0
aren	0	96.77419355	3.225806452	0	0	90	3	0
ares	0	100	0	0	0	16	0	0
aret	0	100	0	0	0	8	0	0
arez	0	100	0	0	0	26	0	0
arga	0	50	50	0	0	2	2	0
arge	10.49562682	86.29737609	3.206997085	0	36	296	11	0
argi	0	57.95454545	42.04545455	0	0	51	37	0
argo	0	99.70501475	0.294985251	0	0	338	1	0
argu	10	90	0	0	2	18	0	0
aria	0	94.73684211	5.263157895	0	0	18	1	0
arib	0	100	0	0	0	1	0	0
aric	0	83.33333333	16.66666667	0	0	5	1	0
arid	14.28571429	0	85.71428571	0	4	0	24	0
arie	0	100	0	0	0	24	0	0
arig	0	100	0	0	0	7	0	0
arim	0	100	0	0	0	2	0	0
arin	0	100	0	0	0	10	0	0
ario	0	100	0	0	0	22	0	0
aris	0	25	75	0	0	30	90	0
arit	0	15.38461538	84.61538462	0	0	2	11	0
ariz	0	100	0	0	0	16	0	0
arju	0	100	0	0	0	4	0	0
arka	0	95.65217391	4.347826087	0	0	22	1	0
arla	0	100	0	0	0	3	0	0
arle	0	100	0	0	0	22	0	0
arlo	0	100	0	0	0	1	0	0
arma	0.190839695	99.23664122	0.572519084	0	1	520	3	0
arme	4.347826087	86.95652174	8.695652174	0	2	40	4	0
armi	13.63636364	86.36363636	0	0	3	19	0	0
armo	0	86.4	13.6	0	0	108	17	0
arna	0	100	0	0	0	31	0	0
arne	0	100	0	0	0	10	0	0
arni	16.66666667	83.33333333	0	0	1	5	0	0
arno	0	100	0	0	0	8	0	0
arol	0	100	0	0	0	2	0	0
arom	0	66.66666667	33.33333333	0	0	48	24	0
aron	0	100	0	0	0	7	0	0
aros	0	100	0	0	0	1	0	0
arpa	0	100	0	0	0	3	0	0
arpe	0	100	0	0	0	1	0	0
arpi	0	100	0	0	0	26	0	0
arqu	0	100	0	0	0	1	0	0
arra	3.409090909	86.36363636	9.848484848	0.378787879	9	228	26	1
arre	1.42993327	95.32888465	3.241182078	0	15	1000	34	0
arri	5.131511088	86.33316142	8.535327488	0	199	3348	331	0
arro	5.284552846	92.68292683	2.032520325	0	13	228	5	0
arru	1.886792453	94.33962264	3.773584906	0	1	50	2	0
arse	0	69.23076923	30.76923077	0	0	36	16	0
arsi	4.545454545	95.45454545	0	0	1	21	0	0
arso	0	0	100	0	0	0	1	0
arsu	0	100	0	0	0	3	0	0
arta	0	100	0	0	0	1	0	0
arte	0	59.77011494	40.22988506	0	0	52	35	0
arth	0	100	0	0	0	1	0	0
arti	0.296956199	56.5701559	42.9844098	0.148478099	4	762	579	2
arto	0	100	0	0	0	2	0	0
artr	0	100	0	0	0	16	0	0
artu	0	100	0	0	0	69	0	0
arub	0	100	0	0	0	5	0	0
arve	0	100	0	0	0	2	0	0
arvi	100	0	0	0	1	0	0	0
arza	57.14285714	42.85714286	0	0	4	3	0	0
arzi	0	100	0	0	0	9	0	0
asae	0	100	0	0	0	2	0	0
asbu	0	33.33333333	66.66666667	0	0	3	6	0
asca	0	60	40	0	0	6	4	0
asce	0	92.71523179	7.284768212	0	0	140	11	0
asci	4.761904762	86.24338624	8.994708995	0	9	163	17	0
asco	2.35131397	87.55186722	10.09681881	0	17	633	73	0
ascr	0	50	50	0	0	5	5	0
asen	0	100	0	0	0	1	0	0
ases	40	60	0	0	2	3	0	0
aset	0	0	100	0	0	0	9	0
asfa	1.449275362	98.55072464	0	0	1	68	0	0
asfi	0	88.88888889	11.11111111	0	0	16	2	0
asfo	0	100	0	0	0	1	0	0
asia	0	10	90	0	0	3	27	0
asil	0	100	0	0	0	69	0	0
asim	0	43.75	56.25	0	0	7	9	0
asin	0	9.677419355	90.32258065	0	0	3	28	0
asma	0	14.28571429	85.71428571	0	0	1	6	0
asoc	0	100	0	0	0	2	0	0
asol	0	0	100	0	0	0	6	0
aspa	15	15	70	0	3	3	14	0
aspe	1.919258769	90.73461284	7.346128392	0	29	1371	111	0
aspi	7.027027027	88.64864865	4.324324324	0	13	164	8	0
aspo	0	97.14285714	2.857142857	0	0	34	1	0
aspr	0	100	0	0	0	121	0	0
asqu	0	100	0	0	0	1	0	0
assa	0.797607178	98.30508475	0.897308076	0	8	986	9	0
asse	0.788954635	98.02761341	1.183431953	0	12	1491	18	0
assi	1.493333333	89.01333333	9.493333333	0	28	1669	178	0
asso	0.386954118	95.7435047	3.869541183	0	7	1732	70	0
assu	3.01369863	78.35616438	18.49315068	0.136986301	22	572	135	1
asta	0	100	0	0	0	10	0	0
aste	10.18518519	86.11111111	3.703703704	0	11	93	4	0
asti	2.631578947	97.36842105	0	0	1	37	0	0
asto	9.090909091	72.72727273	18.18181818	0	1	8	2	0
astr	0.350877193	71.22807018	28.42105263	0	1	203	81	0
astu	0	100	0	0	0	60	0	0
atal	0	100	0	0	0	38	0	0
atam	0	100	0	0	0	1	0	0
atan	50	50	0	0	1	1	0	0
atar	0	100	0	0	0	2	0	0
atav	0	0	100	0	0	0	6	0
atei	0	100	0	0	0	3	0	0
atel	0	100	0	0	0	2	0	0
atem	0	100	0	0	0	1	0	0
aten	0	100	0	0	0	83	0	0
ater	0	66.66666667	33.33333333	0	0	2	1	0
ates	0	100	0	0	0	6	0	0
athe	0	100	0	0	0	5	0	0
atip	0	0	100	0	0	0	7	0
atla	0	41.44144144	58.55855856	0	0	46	65	0
atle	0	54.18502203	45.81497797	0	0	123	104	0
atmo	0	82.49027237	17.50972763	0	0	212	45	0
atol	0	100	0	0	0	1	0	0
atom	0	7.352941176	92.64705882	0	0	5	63	0
aton	0	25	75	0	0	1	3	0
atos	0	0	100	0	0	0	1	0
atra	0	100	0	0	0	2	0	0
atre	0	100	0	0	0	1	0	0
atri	0	96.2962963	3.703703704	0	0	26	1	0
atro	22.3880597	77.6119403	0	0	15	52	0	0
atta	1.394169835	93.7896071	4.816223067	0	11	740	38	0
atte	0.811573747	90.93154552	8.186309104	0.07057163	23	2577	232	2
atti	42.99485861	36.11825193	20.88688946	0	669	562	325	0
atto	0.095238095	98.38095238	1.523809524	0	1	1033	16	0
attr	1.172870984	96.12442631	2.702702703	0	23	1885	53	0
attu	6.993865031	92.02453988	0.858895706	0.122699387	57	750	7	1
atze	0	100	0	0	0	2	0	0
auda	0	100	0	0	0	45	0	0
audi	0	84.50704225	15.49295775	0	0	60	11	0
augi	0	100	0	0	0	3	0	0
augu	0.890207715	74.18397626	23.4421365	1.483679525	3	250	79	5
aule	0	100	0	0	0	10	0	0
auli	0	0	100	0	0	0	4	0
aulu	0	100	0	0	0	1	0	0
aume	1.251738526	90.9596662	7.788595271	0	9	654	56	0
aure	0	70.47619048	29.52380952	0	0	74	31	0
auri	37.5	62.5	0	0	15	25	0	0
auro	0	100	0	0	0	18	0	0
auru	0	100	0	0	0	2	0	0
ausc	0	100	0	0	0	1	0	0
ausi	0	100	0	0	0	45	0	0
ausp	0	66.98113208	30.18867925	2.830188679	0	71	32	3
aust	5.629139073	64.56953642	29.8013245	0	17	195	90	0
auta	0	33.33333333	66.66666667	0	0	1	2	0
aute	7.657657658	3.153153153	89.18918919	0	17	7	198	0
auti	0	97.72727273	2.272727273	0	0	86	2	0
auto	10.12745436	64.4850155	25.38753014	0	294	1872	737	0
autr	0	100	0	0	0	51	0	0
autu	0	100	0	0	0	167	0	0
aval	0	96.42857143	3.571428571	0	0	27	1	0
avam	0	100	0	0	0	27	0	0
avan	0.662251656	97.01986755	2.317880795	0	8	1172	28	0
avar	0	100	0	0	0	39	0	0
avat	0	60	40	0	0	3	2	0
aved	100	0	0	0	6	0	0	0
aveg	0	100	0	0	0	1	0	0
avel	0	100	0	0	0	15	0	0
avem	0	100	0	0	0	1	0	0
aven	0	100	0	0	0	18	0	0
aver	0.023267237	91.92109821	8.055634549	0	9	35556	3116	0
aves	0	100	0	0	0	3	0	0
avet	0	100	0	0	0	1	0	0
avez	0	100	0	0	0	2	0	0
avia	0	100	0	0	0	42	0	0
avic	0	0	100	0	0	0	1	0
avid	44.82758621	6.896551724	48.27586207	0	13	2	14	0
avif	0	100	0	0	0	2	0	0
avig	0	100	0	0	0	10	0	0
avio	20	60	20	0	1	3	1	0
avir	0	100	0	0	0	1	0	0
avit	0	100	0	0	0	1	0	0
avoc	0	100	0	0	0	6	0	0
avog	0	100	0	0	0	10	0	0
avol	0	100	0	0	0	7	0	0
avon	0	100	0	0	0	1	0	0
avor	0	100	0	0	0	22	0	0
avva	1.941747573	84.46601942	13.59223301	0	2	87	14	0
avve	2.908184462	92.72953885	4.362276693	0	70	2232	105	0
avvi	5.961844197	87.51987281	6.438791733	0.079491256	75	1101	81	1
avvo	0	95.26143791	4.738562092	0	0	583	29	0
ayal	0	100	0	0	0	14	0	0
azal	0	100	0	0	0	1	0	0
azeg	0	100	0	0	0	33	0	0
azer	25	75	0	0	1	3	0	0
azia	100	0	0	0	1	0	0	0
azie	0	100	0	0	0	668	0	0
azim	0	0	100	0	0	0	1	0
azio	0	99.74126779	0.258732212	0	0	771	2	0
azna	100	0	0	0	1	0	0	0
azot	0	100	0	0	0	51	0	0
azte	0	100	0	0	0	3	0	0
azul	0	100	0	0	0	1	0	0
azza	2.06185567	91.75257732	6.18556701	0	2	89	6	0
azze	2.352941176	96.47058824	1.176470588	0	2	82	1	0
azzi	20	80	0	0	1	4	0	0
azzo	0	100	0	0	0	7	0	0
azzu	0	98.55421687	1.445783133	0	0	409	6	0
baba	100	0	0	0	1	0	0	0
babb	0	100	0	0	0	95	0	0
babe	0	100	0	0	0	7	0	0
babi	0	58.33333333	41.66666667	0	0	14	10	0
babu	0	100	0	0	0	2	0	0
baby	0	100	0	0	0	3	0	0
baca	0	100	0	0	0	4	0	0
bacc	0.8	92	7.2	0	1	115	9	0
bach	0	100	0	0	0	17	0	0
baci	7.876712329	85.2739726	6.849315068	0	23	249	20	0
baco	0	42.85714286	57.14285714	0	0	3	4	0
bact	100	0	0	0	1	0	0	0
bada	4.651162791	90.69767442	4.651162791	0	4	78	4	0
bade	70	30	0	0	7	3	0	0
badi	13.33333333	86.66666667	0	0	2	13	0	0
bado	0	100	0	0	0	7	0	0
badr	0	100	0	0	0	13	0	0
badu	0	100	0	0	0	1	0	0
baff	0	100	0	0	0	67	0	0
baga	0	100	0	0	0	106	0	0
bagd	100	0	0	0	11	0	0	0
bage	100	0	0	0	1	0	0	0
bagg	0	100	0	0	0	201	0	0
bagh	75	25	0	0	48	16	0	0
bagl	0	100	0	0	0	35	0	0
bagn	0.245700246	96.80589681	2.948402948	0	1	394	12	0
bago	0	100	0	0	0	5	0	0
bagu	0	100	0	0	0	4	0	0
baia	0	85.71428571	14.28571429	0	0	6	1	0
baie	0	100	0	0	0	1	0	0
baio	0	100	0	0	0	2	0	0
bair	0	100	0	0	0	3	0	0
bait	0	10	90	0	0	1	9	0
bala	12	84	4	0	3	21	1	0
balb	17.5	82.5	0	0	14	66	0	0
balc	3.738317757	81.30841121	14.95327103	0	4	87	16	0
bald	5.263157895	94.73684211	0	0	5	90	0	0
bale	5.172413793	83.62068966	11.20689655	0	6	97	13	0
bali	8	22	70	0	4	11	35	0
balk	100	0	0	0	2	0	0	0
ball	0.373831776	96.63551402	2.990654206	0	2	517	16	0
baln	0	96	4	0	0	24	1	0
balo	0	100	0	0	0	28	0	0
bals	0	5.263157895	94.73684211	0	0	2	36	0
balt	3.448275862	27.5862069	68.96551724	0	1	8	20	0
balu	0	90	10	0	0	9	1	0
balv	0	100	0	0	0	1	0	0
balz	8.510638298	90.78014184	0.709219858	0	12	128	1	0
bamb	2.644907147	94.59763647	2.757456387	0	47	1681	49	0
bana	19.04761905	80.95238095	0	0	28	119	0	0
banc	0	99.39810834	0.60189166	0	0	1156	7	0
band	0.507614213	98.6463621	0.846023689	0	3	583	5	0
bane	0	100	0	0	0	8	0	0
banf	0	100	0	0	0	5	0	0
bang	17.39130435	13.04347826	69.56521739	0	4	3	16	0
bank	0	100	0	0	0	13	0	0
bant	0	100	0	0	0	2	0	0
baob	100	0	0	0	2	0	0	0
bara	0.724637681	68.84057971	30.43478261	0	1	95	42	0
barb	1.351351351	67.95366795	30.69498069	0	7	352	159	0
barc	0.296735905	99.40652819	0.296735905	0	1	335	1	0
bard	3.125	96.875	0	0	1	31	0	0
bare	0	100	0	0	0	89	0	0
barg	0	100	0	0	0	3	0	0
bari	0	93.47826087	6.52173913	0	0	86	6	0
barl	11.11111111	88.88888889	0	0	2	16	0	0
barm	0	100	0	0	0	3	0	0
barn	25	0	75	0	2	0	6	0
baro	1.612903226	92.74193548	5.64516129	0	2	115	7	0
barr	0	95.78947368	3.157894737	1.052631579	0	182	6	2
bart	2.409638554	69.87951807	27.71084337	0	2	58	23	0
baru	0	100	0	0	0	39	0	0
barz	7.843137255	92.15686275	0	0	4	47	0	0
basa	0	90.05235602	9.947643979	0	0	172	19	0
basb	0	100	0	0	0	1	0	0
basc	37.20930233	60.46511628	2.325581395	0	16	26	1	0
base	0	100	0	0	0	8	0	0
basi	0	52.0661157	47.9338843	0	0	63	58	0
bask	0	100	0	0	0	62	0	0
bass	0.274348422	98.90260631	0.823045267	0	2	721	6	0
bast	8.747514911	84.82438701	6.428098078	0	132	1280	97	0
bata	0	100	0	0	0	6	0	0
bati	0	100	0	0	0	13	0	0
batm	0	100	0	0	0	17	0	0
bato	21.05263158	78.94736842	0	0	4	15	0	0
batt	0.878220141	84.95316159	14.16861827	0	15	1451	242	0
batu	0	0	100	0	0	0	4	0
bauc	0	100	0	0	0	1	0	0
baud	0	100	0	0	0	44	0	0
baul	0	100	0	0	0	16	0	0
baus	0	0	100	0	0	0	1	0
bava	0	100	0	0	0	11	0	0
bave	0	36.36363636	63.63636364	0	0	4	7	0
bavi	0	100	0	0	0	29	0	0
bavo	0	100	0	0	0	1	0	0
baza	100	0	0	0	23	0	0	0
bazz	0	43.75	50	6.25	0	7	8	1
be'r	0	100	0	0	0	1	0	0
bear	0	0	100	0	0	0	1	0
beat	0	86.44067797	13.55932203	0	0	102	16	0
bebe	0	100	0	0	0	4	0	0
becc	3.06122449	96.93877551	0	0	3	95	0	0
bece	0	0	100	0	0	0	5	0
bech	0	100	0	0	0	1	0	0
beck	0	100	0	0	0	2	0	0
beco	0	100	0	0	0	2	0	0
bede	16.66666667	83.33333333	0	0	1	5	0	0
bedo	50	50	0	0	2	2	0	0
bedu	0	100	0	0	0	9	0	0
befa	0	100	0	0	0	22	0	0
beff	1.265822785	96.20253165	2.53164557	0	1	76	2	0
bega	0	100	0	0	0	5	0	0
begh	0	100	0	0	0	11	0	0
bego	0	100	0	0	0	6	0	0
bein	0	100	0	0	0	1	0	0
beir	0	100	0	0	0	2	0	0
bela	0	100	0	0	0	7	0	0
belb	0	100	0	0	0	6	0	0
belc	0	87.5	12.5	0	0	7	1	0
bele	0	100	0	0	0	1	0	0
belf	0	100	0	0	0	12	0	0
belg	0	100	0	0	0	182	0	0
beli	0	80	20	0	0	12	3	0
bell	0	85.96986817	14.03013183	0	0	1826	298	0
belm	0	100	0	0	0	8	0	0
belo	0	100	0	0	0	1	0	0
belp	0	100	0	0	0	7	0	0
belr	0	100	0	0	0	2	0	0
bels	0	100	0	0	0	6	0	0
belt	57.14285714	42.85714286	0	0	4	3	0	0
belu	0	100	0	0	0	6	0	0
belv	0	100	0	0	0	29	0	0
belz	100	0	0	0	2	0	0	0
bemo	0	100	0	0	0	1	0	0
bena	0	100	0	0	0	27	0	0
benc	100	0	0	0	76	0	0	0
bend	0	100	0	0	0	23	0	0
bene	0.692520776	63.15789474	36.14958449	0	5	456	261	0
benf	0	100	0	0	0	26	0	0
beng	0	100	0	0	0	17	0	0
beni	7.079646018	92.92035398	0	0	8	105	0	0
benn	0	66.66666667	33.33333333	0	0	26	13	0
beno	0	100	0	0	0	5	0	0
benp	0	100	0	0	0	9	0	0
bens	94.17475728	5.825242718	0	0	97	6	0	0
bent	0	77.77777778	22.22222222	0	0	7	2	0
benu	0	100	0	0	0	4	0	0
benv	0	100	0	0	0	140	0	0
benz	0	99.25373134	0.746268657	0	0	133	1	0
beon	0	100	0	0	0	2	0	0
beoz	0	100	0	0	0	1	0	0
bepp	0	100	0	0	0	41	0	0
bera	0	100	0	0	0	44	0	0
berb	0	16.66666667	83.33333333	0	0	1	5	0
berc	0	100	0	0	0	4	0	0
bere	0.653594771	87.58169935	11.76470588	0	1	134	18	0
berg	0	29.16666667	70.83333333	0	0	35	85	0
beri	5.555555556	94.44444444	0	0	1	17	0	0
berl	5.684754522	94.31524548	0	0	44	730	0	0
berm	0	100	0	0	0	5	0	0
bern	2.068965517	95.86206897	2.068965517	0	3	139	3	0
berr	0	100	0	0	0	38	0	0
bers	0.925925926	99.07407407	0	0	1	107	0	0
bert	6.711409396	90.60402685	2.684563758	0	10	135	4	0
besa	0	100	0	0	0	7	0	0
besc	0	100	0	0	0	6	0	0
beso	0	100	0	0	0	1	0	0
bess	0	100	0	0	0	2	0	0
best	3.75	95.625	0.625	0	6	153	1	0
beta	0	100	0	0	0	6	0	0
beti	100	0	0	0	2	0	0	0
betl	0	100	0	0	0	1	0	0
beto	0	100	0	0	0	2	0	0
bets	0	100	0	0	0	2	0	0
bett	0.757575758	86.36363636	12.87878788	0	1	114	17	0
betu	0	88.88888889	11.11111111	0	0	16	2	0
beva	2.777777778	97.22222222	0	0	1	35	0	0
beve	50	33.33333333	16.66666667	0	3	2	1	0
bevi	0	95.23809524	4.761904762	0	0	20	1	0
bevu	0	100	0	0	0	7	0	0
biac	0	100	0	0	0	2	0	0
biad	0	100	0	0	0	2	0	0
biag	0	100	0	0	0	85	0	0
bial	0	62.5	37.5	0	0	5	3	0
bian	0	100	0	0	0	1514	0	0
bias	14.81481481	66.66666667	18.51851852	0	4	18	5	0
biav	0	100	0	0	0	2	0	0
bibb	0	100	0	0	0	54	0	0
bibe	75	25	0	0	6	2	0	0
bibi	0	17.64705882	82.35294118	0	0	3	14	0
bibl	0	80.85106383	19.14893617	0	0	152	36	0
bica	0	96.66666667	3.333333333	0	0	29	1	0
bicc	1.785714286	98.21428571	0	0	3	165	0	0
bice	0	100	0	0	0	7	0	0
bici	0	92.55319149	7.446808511	0	0	87	7	0
bicl	0	100	0	0	0	1	0	0
bico	0	100	0	0	0	5	0	0
bicr	0	100	0	0	0	1	0	0
bida	0	100	0	0	0	2	0	0
bide	15.38461538	84.61538462	0	0	2	11	0	0
bidi	0	100	0	0	0	1	0	0
bido	0	100	0	0	0	25	0	0
biec	0	100	0	0	0	5	0	0
biel	0	100	0	0	0	26	0	0
bien	1.639344262	98.36065574	0	0	1	60	0	0
bier	0	100	0	0	0	1	0	0
biet	0	0	100	0	0	0	2	0
biff	0	100	0	0	0	3	0	0
bifi	0	25	75	0	0	1	3	0
bifo	0	100	0	0	0	5	0	0
bifr	0	100	0	0	0	3	0	0
bifu	100	0	0	0	2	0	0	0
biga	42.85714286	57.14285714	0	0	3	4	0	0
bigh	0	100	0	0	0	3	0	0
bigi	0	100	0	0	0	6	0	0
bigl	0	100	0	0	0	209	0	0
bign	40	60	0	0	4	6	0	0
bigo	5.555555556	94.44444444	0	0	1	17	0	0
biki	0	100	0	0	0	4	0	0
bila	1.079913607	98.92008639	0	0	5	458	0	0
bilb	0	100	0	0	0	20	0	0
bile	0	100	0	0	0	1	0	0
bili	0	35.48387097	64.51612903	0	0	22	40	0
bill	0	100	0	0	0	14	0	0
bilo	0	100	0	0	0	6	0	0
bimb	0	100	0	0	0	168	0	0
bime	0	100	0	0	0	6	0	0
bimi	0	100	0	0	0	4	0	0
bina	0	100	0	0	0	59	0	0
bind	0	100	0	0	0	22	0	0
bine	0	100	0	0	0	10	0	0
bino	0	43.33333333	56.66666667	0	0	13	17	0
binu	0	100	0	0	0	1	0	0
bioa	0	100	0	0	0	3	0	0
bioc	0	11.11111111	88.88888889	0	0	1	8	0
biod	50	16.66666667	33.33333333	0	3	1	2	0
bioe	0	0	100	0	0	0	16	0
biof	0	50	50	0	0	1	1	0
biog	0	68.75	31.25	0	0	55	25	0
bioi	0	100	0	0	0	2	0	0
biol	0	27.96610169	72.03389831	0	0	33	85	0
biom	0	50	50	0	0	4	4	0
bion	0	100	0	0	0	279	0	0
biop	0	50	50	0	0	4	4	0
bior	0	0	100	0	0	0	1	0
bios	0	56.81818182	43.18181818	0	0	25	19	0
biot	0	87.5	12.5	0	0	7	1	0
bipa	0	100	0	0	0	4	0	0
bipe	0	50	50	0	0	1	1	0
bipo	0	100	0	0	0	13	0	0
bira	0	100	0	0	0	2	0	0
birb	0	100	0	0	0	5	0	0
bire	0	100	0	0	0	1	0	0
biri	14.28571429	85.71428571	0	0	2	12	0	0
birm	0	100	0	0	0	4	0	0
biro	0	100	0	0	0	4	0	0
birr	0	100	0	0	0	79	0	0
bisa	0	100	0	0	0	26	0	0
bisb	18.18181818	50	31.81818182	0	4	11	7	0
bisc	0	100	0	0	0	68	0	0
bise	14.28571429	85.71428571	0	0	2	12	0	0
bisi	0	100	0	0	0	6	0	0
bisl	0	100	0	0	0	4	0	0
bism	0	100	0	0	0	1	0	0
bisn	0	100	0	0	0	17	0	0
biso	2.897758338	96.93821761	0.164024057	0	53	1773	3	0
biss	0	100	0	0	0	10	0	0
bist	3.125	71.875	25	0	1	23	8	0
bite	0	100	0	0	0	4	0	0
biti	0	100	0	0	0	2	0	0
bitn	100	0	0	0	1	0	0	0
bito	100	0	0	0	3	0	0	0
bitt	0	100	0	0	0	1	0	0
bitu	0	100	0	0	0	1	0	0
bium	0	100	0	0	0	2	0	0
biva	0	75	25	0	0	6	2	0
bivi	0	100	0	0	0	16	0	0
bivo	0	100	0	0	0	1	0	0
bixi	0	100	0	0	0	10	0	0
biza	0	100	0	0	0	24	0	0
bizz	1.098901099	98.9010989	0	0	1	90	0	0
blan	0	100	0	0	0	36	0	0
blas	0	100	0	0	0	28	0	0
blat	0	75	25	0	0	3	1	0
bles	0	100	0	0	0	1	0	0
blid	0	100	0	0	0	1	0	0
blim	0	100	0	0	0	3	0	0
blin	0	100	0	0	0	63	0	0
bloc	1.215805471	96.96048632	1.823708207	0	8	638	12	0
blon	50	50	0	0	1	1	0	0
blua	0	100	0	0	0	5	0	0
bluc	0	100	0	0	0	11	0	0
bluf	0	100	0	0	0	1	0	0
blug	0	100	0	0	0	2	0	0
blus	0	100	0	0	0	3	0	0
boal	100	0	0	0	1	0	0	0
boar	0	100	0	0	0	12	0	0
boas	0	100	0	0	0	6	0	0
boat	0	100	0	0	0	23	0	0
boba	100	0	0	0	21	0	0	0
bobb	0	100	0	0	0	38	0	0
bobi	0	100	0	0	0	13	0	0
boca	0	100	0	0	0	1	0	0
bocc	0.397350993	98.41059603	1.19205298	0	3	743	9	0
boce	0	100	0	0	0	5	0	0
boch	0	100	0	0	0	1	0	0
bodi	0	100	0	0	0	4	0	0
bodo	0	100	0	0	0	5	0	0
bodr	0	100	0	0	0	20	0	0
boem	0	100	0	0	0	14	0	0
boer	0	100	0	0	0	18	0	0
boet	0	100	0	0	0	2	0	0
boff	0	100	0	0	0	4	0	0
bofo	25	75	0	0	1	3	0	0
bogg	0	100	0	0	0	4	0	0
bogl	0	66.66666667	33.33333333	0	0	2	1	0
bogo	100	0	0	0	3	0	0	0
boia	0	100	0	0	0	6	0	0
boic	0	100	0	0	0	27	0	0
bold	0	100	0	0	0	8	0	0
bole	0	100	0	0	0	6	0	0
bolg	0	80	20	0	0	8	2	0
boli	0	64	36	0	0	16	9	0
boll	0	99.07407407	0.925925926	0	0	321	3	0
bolo	1.253918495	98.7460815	0	0	4	315	0	0
bols	0	77.77777778	22.22222222	0	0	14	4	0
bolz	0	100	0	0	0	26	0	0
boma	0	100	0	0	0	1	0	0
bomb	0.268096515	94.36997319	5.361930295	0	1	352	20	0
bomi	0	100	0	0	0	1	0	0
bomm	0	0	100	0	0	0	1	0
bomp	0	100	0	0	0	38	0	0
bona	1.052631579	98.94736842	0	0	1	94	0	0
bonb	100	0	0	0	1	0	0	0
bonc	0	100	0	0	0	28	0	0
bond	33.33333333	66.66666667	0	0	1	2	0	0
bone	0	100	0	0	0	14	0	0
bonf	0	100	0	0	0	10	0	0
bong	0	100	0	0	0	31	0	0
boni	16.84210526	62.10526316	21.05263158	0	16	59	20	0
bono	0	80	20	0	0	20	5	0
bons	0	100	0	0	0	21	0	0
bont	80	20	0	0	52	13	0	0
bonu	0	100	0	0	0	7	0	0
bonv	66.66666667	33.33333333	0	0	2	1	0	0
bonz	0	100	0	0	0	4	0	0
boom	0	0	100	0	0	0	18	0
bora	0	100	0	0	0	3	0	0
borb	24.07407407	62.96296296	12.96296296	0	13	34	7	0
borc	0	100	0	0	0	8	0	0
bord	5.656565657	94.34343434	0	0	28	467	0	0
bore	14.28571429	85.71428571	0	0	1	6	0	0
borg	0	100	0	0	0	393	0	0
bori	0	100	0	0	0	96	0	0
borm	0	16.66666667	83.33333333	0	0	1	5	0
born	0	0	100	0	0	0	1	0
boro	0	100	0	0	0	1	0	0
borr	0	96.25	3.75	0	0	77	3	0
bors	0	97.42268041	2.577319588	0	0	378	10	0
bort	0	84.61538462	15.38461538	0	0	11	2	0
boru	0	100	0	0	0	10	0	0
bosc	0	99.60474308	0.395256917	0	0	252	1	0
bose	0	100	0	0	0	5	0	0
bosf	0	0	100	0	0	0	1	0
bosi	16.66666667	83.33333333	0	0	2	10	0	0
bosk	0	100	0	0	0	8	0	0
bosn	0	66.2037037	33.7962963	0	0	143	73	0
boso	0	100	0	0	0	1	0	0
boss	0	95.48022599	4.519774011	0	0	338	16	0
bost	0	100	0	0	0	56	0	0
bota	0	0	100	0	0	0	25	0
bote	0	100	0	0	0	1	0	0
boto	0	0	100	0	0	0	3	0
bots	0	100	0	0	0	1	0	0
bott	0	100	0	0	0	489	0	0
botu	0	80	20	0	0	4	1	0
boug	0	0	100	0	0	0	2	0
bove	0	0	100	0	0	0	1	0
bovi	7.142857143	92.85714286	0	0	1	13	0	0
bozz	0	80.43478261	19.56521739	0	0	37	9	0
brac	0	99.53917051	0.460829493	0	0	648	3	0
brad	0	100	0	0	0	2	0	0
brag	13.33333333	86.66666667	0	0	2	13	0	0
brah	0	100	0	0	0	13	0	0
bram	0	100	0	0	0	45	0	0
bran	0.35335689	98.93992933	0.706713781	0	1	280	2	0
bras	0	100	0	0	0	192	0	0
brat	0	72.72727273	27.27272727	0	0	8	3	0
brav	0	91.42156863	8.578431373	0	0	373	35	0
braz	0	100	0	0	0	3	0	0
brec	0	100	0	0	0	12	0	0
bred	0	100	0	0	0	7	0	0
brem	0	100	0	0	0	5	0	0
bren	0	78.57142857	21.42857143	0	0	11	3	0
brer	0	100	0	0	0	44	0	0
bres	0	96.49122807	3.50877193	0	0	165	6	0
bret	0	96.78714859	3.212851406	0	0	241	8	0
brev	0.862068966	99.13793103	0	0	5	575	0	0
brez	0	100	0	0	0	13	0	0
bria	0	100	0	0	0	34	0	0
bric	0	30.90909091	69.09090909	0	0	17	38	0
brid	0	100	0	0	0	2	0	0
brig	0.724637681	83.33333333	15.94202899	0	1	115	22	0
bril	0.460829493	90.78341014	8.755760369	0	1	197	19	0
brin	6.349206349	30.15873016	63.49206349	0	4	19	40	0
brio	0	100	0	0	0	4	0	0
bris	25	75	0	0	1	3	0	0
brit	0	1.27388535	98.72611465	0	0	2	155	0
briv	0	1.063829787	98.93617021	0	0	1	93	0
briz	0	88.88888889	11.11111111	0	0	24	3	0
broc	11.42857143	85.71428571	2.857142857	0	4	30	1	0
brod	0	100	0	0	0	59	0	0
brog	0	100	0	0	0	11	0	0
brol	100	0	0	0	17	0	0	0
brom	0	100	0	0	0	2	0	0
bron	4.032258065	84.67741935	11.29032258	0	5	105	14	0
bros	0	100	0	0	0	6	0	0
bruc	2.580645161	90.64516129	6.774193548	0	8	281	21	0
bruf	0	0	100	0	0	0	2	0
brug	0	100	0	0	0	9	0	0
brul	10	90	0	0	1	9	0	0
brum	0	100	0	0	0	12	0	0
brun	0	99.69604863	0.303951368	0	0	328	1	0
brus	0	100	0	0	0	121	0	0
brut	3.324808184	96.67519182	0	0	13	378	0	0
bruz	0	100	0	0	0	2	0	0
bubb	0	80	20	0	0	4	1	0
bubi	100	0	0	0	4	0	0	0
bubk	0	100	0	0	0	9	0	0
bubo	0	0	100	0	0	0	2	0
buca	1.639344262	77.04918033	21.31147541	0	1	47	13	0
bucc	0	98.03921569	1.960784314	0	0	50	1	0
buch	0	100	0	0	0	3	0	0
buci	0	100	0	0	0	1	0	0
buco	0	100	0	0	0	40	0	0
bucr	0	100	0	0	0	1	0	0
buda	0	0	100	0	0	0	18	0
budd	0	100	0	0	0	120	0	0
bude	0	100	0	0	0	5	0	0
budi	0	100	0	0	0	5	0	0
bufa	0	6.666666667	93.33333333	0	0	1	14	0
bufe	0	100	0	0	0	34	0	0
buff	17.5257732	75.25773196	7.216494845	0	17	73	7	0
buga	0	100	0	0	0	8	0	0
bugg	0	100	0	0	0	2	0	0
bugi	0	98.7804878	1.219512195	0	0	81	1	0
bugl	0	100	0	0	0	3	0	0
bugn	0	100	0	0	0	124	0	0
buit	0	100	0	0	0	2	0	0
bulb	0	100	0	0	0	9	0	0
bulg	6.25	60.41666667	33.33333333	0	3	29	16	0
buli	0	100	0	0	0	13	0	0
bull	0	100	0	0	0	18	0	0
bumb	0	0	100	0	0	0	2	0
buna	0	100	0	0	0	2	0	0
buni	100	0	0	0	3	0	0	0
bunk	0	100	0	0	0	33	0	0
bunn	0	100	0	0	0	1	0	0
buon	0	100	0	0	0	1408	0	0
buor	0	100	0	0	0	1	0	0
buoz	0	100	0	0	0	4	0	0
bura	0	100	0	0	0	49	0	0
burb	0	15	85	0	0	3	17	0
burc	0	100	0	0	0	1	0	0
buri	0	100	0	0	0	6	0	0
burk	0	100	0	0	0	6	0	0
burl	4	96	0	0	1	24	0	0
buro	0	38.05309735	61.94690265	0	0	43	70	0
burr	0	99.27536232	0.724637681	0	0	137	1	0
burt	0	100	0	0	0	4	0	0
buru	0	100	0	0	0	5	0	0
burz	0	100	0	0	0	3	0	0
busc	0	100	0	0	0	44	0	0
buse	0	100	0	0	0	3	0	0
busn	0	100	0	0	0	3	0	0
buso	0	100	0	0	0	5	0	0
buss	12.63157895	64.21052632	23.15789474	0	12	61	22	0
bust	2.906976744	97.09302326	0	0	5	167	0	0
buta	0	100	0	0	0	2	0	0
buti	0	100	0	0	0	1	0	0
butm	100	0	0	0	1	0	0	0
butt	5.412371134	86.34020619	8.24742268	0	21	335	32	0
buzz	0	100	0	0	0	19	0	0
bypa	0	100	0	0	0	1	0	0
caba	58.46153846	32.30769231	9.230769231	0	38	21	6	0
cabi	0	100	0	0	0	55	0	0
cabl	0	100	0	0	0	3	0	0
cabo	90.90909091	9.090909091	0	0	10	1	0	0
cabr	23.52941176	76.47058824	0	0	4	13	0	0
caca	5.555555556	94.44444444	0	0	1	17	0	0
cacc	1.744186047	93.99224806	4.263565891	0	9	485	22	0
cach	0	100	0	0	0	11	0	0
caci	0	100	0	0	0	8	0	0
cact	0	100	0	0	0	10	0	0
cacu	0	100	0	0	0	1	0	0
cada	0	4.712041885	95.28795812	0	0	9	182	0
cade	1.779935275	89.64401294	8.57605178	0	11	554	53	0
cadi	0	0	100	0	0	0	1	0
cadm	0	100	0	0	0	5	0	0
cado	0	100	0	0	0	12	0	0
cadr	0	100	0	0	0	1	0	0
cadu	0	100	0	0	0	191	0	0
caen	0	100	0	0	0	1	0	0
caet	0	100	0	0	0	4	0	0
cafa	0	71.42857143	28.57142857	0	0	5	2	0
caff	88.18181818	11.81818182	0	0	194	26	0	0
cafi	0	100	0	0	0	8	0	0
cafo	0	95.65217391	4.347826087	0	0	22	1	0
caft	0	0	100	0	0	0	1	0
caga	0	66.66666667	33.33333333	0	0	2	1	0
cagg	0	100	0	0	0	4	0	0
cagi	0	92.59259259	7.407407407	0	0	25	2	0
cagl	0	9.482758621	90.51724138	0	0	11	105	0
cagn	5.263157895	94.73684211	0	0	2	36	0	0
caic	0	100	0	0	0	1	0	0
caie	0	100	0	0	0	6	0	0
caim	0	100	0	0	0	1	0	0
cain	0	100	0	0	0	11	0	0
cair	0	9.411764706	90.58823529	0	0	8	77	0
caiz	0	100	0	0	0	2	0	0
caja	0	100	0	0	0	1	0	0
cala	5.275229358	89.22018349	5.504587156	0	23	389	24	0
calb	0	100	0	0	0	1	0	0
calc	0.275229358	80.73394495	18.62385321	0.366972477	3	880	203	4
cald	1.039861352	98.96013865	0	0	6	571	0	0
cale	0	97.4789916	2.521008403	0	0	116	3	0
calg	0	0	100	0	0	0	3	0
cali	0	64.9122807	35.0877193	0	0	185	100	0
call	3.06122449	63.26530612	33.67346939	0	3	62	33	0
calm	1.149425287	96.9348659	1.915708812	0	3	253	5	0
calo	0.416666667	91.66666667	7.916666667	0	1	220	19	0
calp	0	93.02325581	6.976744186	0	0	40	3	0
calt	0	100	0	0	0	41	0	0
calu	4	96	0	0	1	24	0	0
calv	1.769911504	98.2300885	0	0	2	111	0	0
caly	0	100	0	0	0	2	0	0
calz	0	100	0	0	0	140	0	0
cama	0	90.90909091	9.090909091	0	0	30	3	0
camb	2.343352012	94.24350484	3.413143148	0	46	1850	67	0
came	0	15.0877193	83.62573099	1.286549708	0	129	715	11
cami	1.199040767	93.04556355	5.755395683	0	5	388	24	0
camm	1.856148492	94.19953596	3.944315545	0	8	406	17	0
camo	2.247191011	85.39325843	12.35955056	0	2	76	11	0
camp	0.034952814	99.44075498	0.524292206	0	1	2845	15	0
camu	34.375	62.5	3.125	0	11	20	1	0
cana	5.793991416	77.89699571	16.30901288	0	27	363	76	0
canb	0	100	0	0	0	4	0	0
canc	1.293900185	95.74861368	2.957486137	0	7	518	16	0
cand	0.756620429	91.17276166	8.070617907	0	6	723	64	0
cane	2.631578947	97.36842105	0	0	2	74	0	0
canf	0	0	100	0	0	0	4	0
cang	3.448275862	93.10344828	3.448275862	0	1	27	1	0
cani	1.063829787	98.93617021	0	0	1	93	0	0
cann	1.395348837	92.09302326	6.511627907	0	3	198	14	0
cano	1.327433628	51.32743363	47.34513274	0	3	116	107	0
cans	0	100	0	0	0	2	0	0
cant	3.271028037	94.6728972	2.056074766	0	35	1013	22	0
canu	0	100	0	0	0	6	0	0
canz	0.267379679	99.46524064	0.267379679	0	1	372	1	0
caor	0	100	0	0	0	2	0	0
caot	0	4.347826087	95.65217391	0	0	1	22	0
capa	37.59239704	62.30200634	0.105596621	0	356	590	1	0
capd	0	0	100	0	0	0	2	0
cape	0	98.31081081	1.689189189	0	0	582	10	0
capi	1.188750362	88.11249638	10.69875326	0	41	3039	369	0
capo	0.711237553	85.63300142	13.65576102	0	5	602	96	0
capp	0.247524752	97.52475248	2.227722772	0	1	394	9	0
capr	0	98.00796813	1.992031873	0	0	246	5	0
caps	0	0	100	0	0	0	12	0
capt	9.090909091	72.72727273	18.18181818	0	2	16	4	0
capu	0	98.64864865	1.351351351	0	0	73	1	0
cara	0.39656312	53.07336418	46.5300727	0	6	803	704	0
carb	1.53256705	92.72030651	5.747126437	0	4	242	15	0
carc	0	16.53386454	83.46613546	0	0	83	419	0
card	3.116147309	69.40509915	27.47875354	0	11	245	97	0
care	0	97.34513274	2.654867257	0	0	110	3	0
carg	33.33333333	66.66666667	0	0	2	4	0	0
cari	9.356725146	28.46003899	61.30604288	0.877192982	96	292	629	9
carl	0.116686114	99.88331389	0	0	1	856	0	0
carm	0.793650794	77.77777778	21.42857143	0	1	98	27	0
carn	2.927927928	89.41441441	7.657657658	0	13	397	34	0
caro	4.651162791	90.69767442	4.651162791	0	8	156	8	0
carp	0	93.87755102	6.12244898	0	0	46	3	0
carr	3.42920354	95.68584071	0.884955752	0	31	865	8	0
cars	0	63.15789474	36.84210526	0	0	12	7	0
cart	0.090826521	99.18256131	0.726612171	0	1	1092	8	0
caru	0	100	0	0	0	28	0	0
carv	0	100	0	0	0	3	0	0
casa	7.77027027	91.21621622	1.013513514	0	23	270	3	0
casb	0	100	0	0	0	4	0	0
casc	0	98.15668203	1.843317972	0	0	213	4	0
case	0	100	0	0	0	280	0	0
casi	0	92.36641221	7.633587786	0	0	121	10	0
caso	2.380952381	92.85714286	4.761904762	0	1	39	2	0
casp	60	25	15	0	12	5	3	0
cass	1.455026455	97.88359788	0.661375661	0	11	740	5	0
cast	8.995502249	90.85457271	0.149925037	0	60	606	1	0
casu	14.11764706	82.35294118	3.529411765	0	12	70	3	0
cata	0	65.03198294	34.75479744	0.213219616	0	305	163	1
cate	0.88028169	92.95774648	6.161971831	0	5	528	35	0
cath	0	96.15384615	3.846153846	0	0	25	1	0
cati	0	100	0	0	0	17	0	0
cato	20	30	50	0	2	3	5	0
catr	0	100	0	0	0	9	0	0
catt	2.103250478	54.39770554	43.49904398	0	22	569	455	0
catu	0	100	0	0	0	3	0	0
cauc	0	0	100	0	0	0	9	0
caud	0	100	0	0	0	3	0	0
caul	0	100	0	0	0	1	0	0
caus	1.351351351	97.77992278	0.868725869	0	14	1013	9	0
caut	0	100	0	0	0	162	0	0
cauz	0	100	0	0	0	17	0	0
cava	10.19036954	84.09854423	5.711086226	0	91	751	51	0
cave	2.380952381	88.0952381	9.523809524	0	1	37	4	0
cavi	12.14953271	87.85046729	0	0	13	94	0	0
cavo	64.55696203	6.329113924	29.11392405	0	51	5	23	0
cavr	0	100	0	0	0	2	0	0
cazz	0	93.18181818	6.818181818	0	0	41	3	0
ceba	0	100	0	0	0	1	0	0
cecc	1.315789474	98.68421053	0	0	1	75	0	0
cece	0	100	0	0	0	9	0	0
ceci	19.14893617	80.85106383	0	0	9	38	0	0
ceco	0	100	0	0	0	55	0	0
ceda	100	0	0	0	1	0	0	0
cede	0.344827586	64.13793103	35.51724138	0	1	186	103	0
cedi	0	100	0	0	0	33	0	0
cedo	0	25	75	0	0	7	21	0
cedr	7.692307692	92.30769231	0	0	1	12	0	0
cefa	27.27272727	36.36363636	36.36363636	0	3	4	4	0
ceff	0	100	0	0	0	10	0	0
cefi	100	0	0	0	2	0	0	0
ceki	0	100	0	0	0	1	0	0
cela	0	83.01886792	16.98113208	0	0	44	9	0
cele	5.529225908	53.55450237	39.33649289	1.579778831	35	339	249	10
celi	0	85.29411765	14.70588235	0	0	29	5	0
cell	0	68.63354037	31.36645963	0	0	221	101	0
celo	16.66666667	83.33333333	0	0	1	5	0	0
cels	0	100	0	0	0	4	0	0
celt	0	41.66666667	58.33333333	0	0	5	7	0
cemb	0	100	0	0	0	3	0	0
ceme	0	100	0	0	0	116	0	0
cemp	0	100	0	0	0	2	0	0
cena	0	78.26086957	21.73913043	0	0	36	10	0
cenc	0	100	0	0	0	19	0	0
cene	0	14.49275362	85.50724638	0	0	10	59	0
ceng	0	100	0	0	0	8	0	0
ceni	0	100	0	0	0	3	0	0
cenn	0	98.52941176	1.470588235	0	0	67	1	0
ceno	0	100	0	0	0	4	0	0
cens	0	98.4375	1.5625	0	0	126	2	0
cent	0.468603561	94.54076851	4.990627929	0	20	4035	213	0
cepp	0	100	0	0	0	19	0	0
cera	0	25.64102564	74.35897436	0	0	20	58	0
cerb	0	88.88888889	11.11111111	0	0	8	1	0
cerc	4.314204314	87.66788767	8.017908018	0	106	2154	197	0
cerd	0	100	0	0	0	8	0	0
cere	1.369863014	91.78082192	6.849315068	0	1	67	5	0
cerf	0	100	0	0	0	4	0	0
ceri	0.456621005	99.543379	0	0	1	218	0	0
cerl	0	100	0	0	0	1	0	0
cerm	0	100	0	0	0	3	0	0
cern	0	76.92307692	23.07692308	0	0	20	6	0
cero	0	100	0	0	0	19	0	0
cerq	0	100	0	0	0	1	0	0
cerr	10.52631579	84.21052632	5.263157895	0	2	16	1	0
cert	0	99.81487195	0.154273372	0.030854674	0	3235	5	1
ceru	0	70	30	0	0	7	3	0
cerv	0	94.92753623	5.072463768	0	0	262	14	0
cesa	3.930131004	17.46724891	78.60262009	0	9	40	180	0
cesc	0	100	0	0	0	2	0	0
cese	0	88.88888889	11.11111111	0	0	24	3	0
cesi	0	100	0	0	0	3	0	0
ceso	0	100	0	0	0	1	0	0
cesp	0	98	2	0	0	49	1	0
cess	6.145251397	89.38547486	4.469273743	0	11	160	8	0
cest	1.492537313	92.53731343	5.970149254	0	1	62	4	0
cesu	0	100	0	0	0	2	0	0
ceta	0	0	100	0	0	0	16	0
cete	0	0	100	0	0	0	2	0
cetn	0	0	100	0	0	0	4	0
ceto	0	100	0	0	0	3	0	0
cetr	0	100	0	0	0	18	0	0
chal	100	0	0	0	13	0	0	0
chan	100	0	0	0	7	0	0	0
char	0	0	100	0	0	0	4	0
chec	11.11111111	88.88888889	0	0	1	8	0	0
chel	0	100	0	0	0	6	0	0
chem	0	100	0	0	0	4	0	0
cher	0	78.57142857	21.42857143	0	0	22	6	0
ches	0	100	0	0	0	2	0	0
chet	7.692307692	84.61538462	7.692307692	0	1	11	1	0
chia	1.763622006	89.49723611	8.66017373	0.07896815	67	3400	329	3
chic	3.703703704	94.44444444	1.851851852	0	4	102	2	0
chie	1.305555556	78.58333333	19.83333333	0.277777778	47	2829	714	10
chig	0	100	0	0	0	151	0	0
chil	0	30.14354067	69.85645933	0	0	189	438	0
chim	0	10.71428571	89.28571429	0	0	21	175	0
chin	25.53191489	62.76595745	10.63829787	1.063829787	24	59	10	1
chio	0	78.34394904	21.65605096	0	0	123	34	0
chir	0	60.37735849	39.62264151	0	0	96	63	0
chis	96.02649007	3.973509934	0	0	290	12	0	0
chit	0	98.5915493	1.408450704	0	0	70	1	0
chiu	1.180857676	82.53573648	16.28340584	0	19	1328	262	0
chiv	0	100	0	0	0	21	0	0
choc	0	100	0	0	0	3	0	0
chri	0	100	0	0	0	47	0	0
chry	0	100	0	0	0	2	0	0
ciab	0	100	0	0	0	9	0	0
ciac	0	85.71428571	14.28571429	0	0	6	1	0
ciaf	0	100	0	0	0	2	0	0
cial	0	100	0	0	0	7	0	0
ciam	0	100	0	0	0	187	0	0
cian	0	91.89189189	8.108108108	0	0	34	3	0
ciap	33.33333333	66.66666667	0	0	1	2	0	0
ciar	2.857142857	97.14285714	0	0	1	34	0	0
cias	18.77133106	81.22866894	0	0	55	238	0	0
ciat	0	100	0	0	0	1	0	0
ciau	0	100	0	0	0	2	0	0
ciav	0	100	0	0	0	3	0	0
ciba	0	22.22222222	77.77777778	0	0	2	7	0
cibe	0	83.33333333	16.66666667	0	0	5	1	0
cibl	0	100	0	0	0	2	0	0
cibo	0	100	0	0	0	1	0	0
cica	0	100	0	0	0	34	0	0
cicc	0	100	0	0	0	71	0	0
cice	0	78.57142857	21.42857143	0	0	11	3	0
cich	0	0	100	0	0	0	1	0
cici	0	100	0	0	0	8	0	0
cicl	0.352112676	86.61971831	13.02816901	0	1	246	37	0
cico	0	100	0	0	0	25	0	0
cicu	0	100	0	0	0	2	0	0
cida	0	100	0	0	0	2	0	0
cie'	0	0	100	0	0	0	1	0
ciec	0	100	0	0	0	102	0	0
ciel	0	99.48320413	0.516795866	0	0	385	2	0
cifa	66.66666667	33.33333333	0	0	2	1	0	0
cifr	0	100	0	0	0	293	0	0
cigl	0	87.5	12.5	0	0	35	5	0
cign	0	100	0	0	0	19	0	0
cigo	20	40	40	0	1	2	2	0
cile	0	100	0	0	0	18	0	0
cili	0	95.17241379	4.827586207	0	0	138	7	0
cill	6.25	93.75	0	0	1	15	0	0
cima	0	100	0	0	0	11	0	0
cimb	0	0	100	0	0	0	1	0
cime	0	84	16	0	0	42	8	0
cimi	0	91.02564103	8.974358974	0	0	71	7	0
cimm	0	100	0	0	0	2	0	0
cimo	0	60	40	0	0	3	2	0
cina	0	100	0	0	0	1	0	0
cinc	13.63636364	86.36363636	0	0	3	19	0	0
cine	2.285191956	23.21755027	74.49725777	0	25	254	815	0
cing	3.571428571	89.28571429	7.142857143	0	2	50	4	0
cini	0	57.8313253	42.1686747	0	0	48	35	0
cinn	0	100	0	0	0	2	0	0
cino	0	12.5	87.5	0	0	1	7	0
cinq	0.507982583	98.47605225	1.015965167	0	7	1357	14	0
cint	0	92.62295082	7.37704918	0	0	113	9	0
cinz	0	100	0	0	0	39	0	0
cioc	0	100	0	0	0	112	0	0
ciof	0	100	0	0	0	6	0	0
ciol	0	100	0	0	0	1	0	0
cion	0	70.83333333	25	4.166666667	0	17	6	1
cior	100	0	0	0	1	0	0	0
ciot	0	16.27906977	83.72093023	0	0	7	36	0
cipi	0	100	0	0	0	5	0	0
cipo	0	100	0	0	0	106	0	0
cipp	0	100	0	0	0	4	0	0
cipr	0	92.72727273	7.272727273	0	0	51	4	0
circ	0.361827227	84.07960199	14.15649028	1.402080507	8	1859	313	31
cire	0	66.66666667	33.33333333	0	0	4	2	0
ciri	11.66666667	56.66666667	31.66666667	0	7	34	19	0
ciro	0	100	0	0	0	1	0	0
cirr	0	75	25	0	0	6	2	0
ciru	0	100	0	0	0	2	0	0
cisa	0	50	50	0	0	1	1	0
cisc	0	100	0	0	0	1	0	0
cisg	0	100	0	0	0	9	0	0
cisl	0	100	0	0	0	5	0	0
cisn	0	100	0	0	0	1	0	0
cisp	0	100	0	0	0	2	0	0
ciss	0	100	0	0	0	3	0	0
cist	0	91.42857143	8.571428571	0	0	32	3	0
cita	0.327868852	82.62295082	17.04918033	0	1	252	52	0
cite	0	100	0	0	0	1	0	0
citi	0	0	100	0	0	0	2	0
cito	0	33.33333333	66.66666667	0	0	6	12	0
citr	11.11111111	77.77777778	11.11111111	0	1	7	1	0
citt	71.44043171	28.55956829	0	0	1721	688	0	0
ciuc	0	100	0	0	0	3	0	0
ciuf	0	100	0	0	0	37	0	0
ciul	0	100	0	0	0	3	0	0
ciur	44.44444444	55.55555556	0	0	4	5	0	0
ciuv	0	100	0	0	0	2	0	0
cive	0	93.93939394	6.060606061	0	0	31	2	0
civi	20.6231454	65.28189911	14.09495549	0	139	440	95	0
clab	0	100	0	0	0	1	0	0
clac	0	100	0	0	0	15	0	0
clam	0	99.48453608	0.515463918	0	0	193	1	0
clan	7.692307692	92.30769231	0	0	8	96	0	0
clar	0	100	0	0	0	72	0	0
clas	0.575815739	42.32245681	56.90978887	0.19193858	6	441	593	2
clau	0	93.71257485	6.28742515	0	0	313	21	0
clav	0	13.33333333	86.66666667	0	0	2	13	0
clel	0	100	0	0	0	3	0	0
clem	0	100	0	0	0	36	0	0
clen	0	100	0	0	0	1	0	0
cleo	0	100	0	0	0	7	0	0
clep	0	100	0	0	0	2	0	0
cler	0	72.4137931	27.5862069	0	0	21	8	0
cles	0	100	0	0	0	1	0	0
clet	0	100	0	0	0	2	0	0
clic	0	100	0	0	0	2	0	0
clie	0	100	0	0	0	369	0	0
clim	0	91.7562724	8.243727599	0	0	256	23	0
clin	0	10.19417476	89.80582524	0	0	21	185	0
clis	0	100	0	0	0	2	0	0
clit	0	66.66666667	33.33333333	0	0	8	4	0
clod	0	100	0	0	0	18	0	0
clon	0	88.88888889	11.11111111	0	0	8	1	0
clor	0	73.68421053	26.31578947	0	0	14	5	0
clot	0	100	0	0	0	2	0	0
clun	0	100	0	0	0	1	0	0
clus	0	100	0	0	0	5	0	0
cnos	0	100	0	0	0	1	0	0
coab	0	88.88888889	0	11.11111111	0	8	0	1
coac	0	100	0	0	0	2	0	0
coad	0	100	0	0	0	9	0	0
coag	8.333333333	75	16.66666667	0	1	9	2	0
coal	0	100	0	0	0	99	0	0
coas	0	100	0	0	0	1	0	0
coat	0	100	0	0	0	25	0	0
coau	0	100	0	0	0	5	0	0
coaz	0	100	0	0	0	4	0	0
coba	0	100	0	0	0	6	0	0
cobr	0	100	0	0	0	9	0	0
coca	0	95.65217391	4.347826087	0	0	66	3	0
cocc	0	75.22123894	23.89380531	0.884955752	0	85	27	1
coce	0	100	0	0	0	8	0	0
cock	0	100	0	0	0	12	0	0
coco	0	15.38461538	84.61538462	0	0	2	11	0
cocu	0	0	100	0	0	0	2	0
coda	0	100	0	0	0	17	0	0
code	0	100	0	0	0	11	0	0
codi	0.67114094	15.10067114	84.22818792	0	2	45	251	0
codo	0	100	0	0	0	4	0	0
codr	0	50	50	0	0	1	1	0
coed	0	100	0	0	0	1	0	0
coef	0	100	0	0	0	9	0	0
coel	0	100	0	0	0	22	0	0
coer	0	100	0	0	0	103	0	0
coes	0	70.27027027	29.72972973	0	0	26	11	0
coet	0	0	100	0	0	0	45	0
coev	0	100	0	0	0	2	0	0
cofa	0	64	36	0	0	16	9	0
coff	0	100	0	0	0	1	0	0
cofo	0	100	0	0	0	1	0	0
coge	0	100	0	0	0	3	0	0
cogi	0	0	100	0	0	0	1	0
cogl	1.234567901	67.48971193	31.27572016	0	3	164	76	0
cogn	0	100	0	0	0	193	0	0
coib	0	100	0	0	0	3	0	0
coim	0	100	0	0	0	4	0	0
coin	1.495016611	80.06644518	18.43853821	0	9	482	111	0
coir	0	100	0	0	0	1	0	0
coit	0	0	100	0	0	0	7	0
cola	0.625	96.25	3.125	0	1	154	5	0
colb	0	100	0	0	0	1	0	0
colc	0	100	0	0	0	1	0	0
cold	0	100	0	0	0	12	0	0
cole	0	89.79591837	10.20408163	0	0	44	5	0
colg	0	100	0	0	0	2	0	0
coli	70.73170732	14.63414634	14.63414634	0	29	6	6	0
coll	1.341424465	93.96358991	4.247844139	0.447141488	42	2942	133	14
colm	1	96	3	0	1	96	3	0
coln	0	100	0	0	0	1	0	0
colo	0.199335548	98.73754153	1.063122924	0	3	1486	16	0
colp	0.974025974	91.23376623	7.792207792	0	21	1967	168	0
colt	0	96.84466019	3.155339806	0	0	399	13	0
colu	0	100	0	0	0	291	0	0
colz	0	100	0	0	0	1	0	0
coma	0.223214286	98.21428571	1.5625	0	1	440	7	0
comb	1.147540984	72.95081967	25.90163934	0	7	445	158	0
come	0	100	0	0	0	28	0	0
comi	8.091123331	80.59701493	11.31186174	0	206	2052	288	0
comm	0.970873786	95.9778086	3.051317614	0	28	2768	88	0
como	14.97326203	25.13368984	59.89304813	0	28	47	112	0
comp	2.553532578	85.09103401	11.86304821	0.492385206	223	7431	1036	43
comu	10.86050503	88.10983084	0.882569257	0.147094876	443	3594	36	6
cona	0	100	0	0	0	7	0	0
conc	1.152663934	90.9579918	7.838114754	0.051229508	45	3551	306	2
cond	0.788880541	94.51540195	4.695717506	0	21	2516	125	0
cone	0	100	0	0	0	9	0	0
conf	1.744699647	93.55123675	4.681978799	0.022084806	79	4236	212	1
cong	1.113172542	94.61966605	4.26716141	0	6	510	23	0
coni	0.401606426	48.99598394	50.60240964	0	1	122	126	0
conn	0	97.16981132	2.830188679	0	0	206	6	0
cono	0.488042948	77.74524158	21.76671547	0	10	1593	446	0
conq	3.710575139	93.50649351	2.782931354	0	20	504	15	0
conr	0	100	0	0	0	10	0	0
cons	1.521014009	89.47298199	8.23215477	0.773849233	114	6706	617	58
cont	2.323240146	91.97707736	4.491597615	1.208084876	300	11877	580	156
conv	1.113013699	86.21575342	12.5	0.171232877	26	2014	292	4
coop	0.884955752	97.34513274	1.769911504	0	1	110	2	0
coor	0.429184549	93.56223176	6.008583691	0	1	218	14	0
copa	0	100	0	0	0	2	0	0
cope	0	98.95178197	1.048218029	0	0	472	5	0
copi	0.348432056	98.60627178	1.045296167	0	1	283	3	0
copp	0	96.33458647	3.665413534	0	0	1025	39	0
copr	3.353658537	88.41463415	8.231707317	0	11	290	27	0
copu	0	40	60	0	0	2	3	0
cora	0.408163265	99.59183673	0	0	2	488	0	0
corb	3.333333333	90	6.666666667	0	1	27	2	0
corc	0	100	0	0	0	5	0	0
cord	2.602230483	84.3866171	13.01115242	0	7	227	35	0
core	0	85.91549296	14.08450704	0	0	122	20	0
corf	100	0	0	0	5	0	0	0
corg	0	100	0	0	0	7	0	0
cori	2.325581395	72.09302326	25.58139535	0	2	62	22	0
corl	0	100	0	0	0	25	0	0
corm	0	100	0	0	0	2	0	0
corn	0	90.25641026	9.743589744	0	0	176	19	0
coro	1.265822785	98.73417722	0	0	2	156	0	0
corp	0.3003003	97.0970971	2.602602603	0	3	970	26	0
corr	0.877559549	83.57709987	15.54534058	0	21	2000	372	0
cors	0	98.45559846	1.544401544	0	0	2040	32	0
cort	0.834202294	98.4358707	0.729927007	0	8	944	7	0
coru	0	100	0	0	0	9	0	0
corv	11.62790698	88.37209302	0	0	5	38	0	0
cosa	0	100	0	0	0	9	0	0
cosc	0.25	99.75	0	0	1	399	0	0
cose	0	100	0	0	0	41	0	0
cosi	9.056603774	85.28301887	5.660377358	0	24	226	15	0
cosm	0	45.65217391	54.34782609	0	0	63	75	0
cosp	0	62.13592233	37.86407767	0	0	64	39	0
coss	0	100	0	0	0	159	0	0
cost	1.304077831	92.21693231	6.478989857	0	63	4455	313	0
cota	0	100	0	0	0	2	0	0
cote	0	100	0	0	0	2	0	0
coti	33.33333333	0	66.66666667	0	1	0	2	0
coto	0	100	0	0	0	70	0	0
cotr	0	88.88888889	11.11111111	0	0	8	1	0
cott	0.666666667	98.66666667	0.666666667	0	1	148	1	0
cous	100	0	0	0	2	0	0	0
cova	0	89.28571429	10.71428571	0	0	25	3	0
cove	0	75	25	0	0	9	3	0
covi	0	0	100	0	0	0	2	0
covo	0	100	0	0	0	3	0	0
cozz	2.631578947	97.36842105	0	0	1	37	0	0
crac	0	100	0	0	0	7	0	0
crag	0	100	0	0	0	35	0	0
cram	0	100	0	0	0	10	0	0
cran	0	85.71428571	14.28571429	0	0	36	6	0
cras	0	100	0	0	0	2	0	0
crat	0	100	0	0	0	7	0	0
crav	0	98.57142857	1.428571429	0	0	69	1	0
crax	0	100	0	0	0	400	0	0
cre'	0	100	0	0	0	2	0	0
crea	5.04704876	90.67579127	4.277159966	0	59	1060	50	0
cred	3.107488538	66.17422313	30.71828833	0	61	1299	603	0
crem	0	99.64664311	0.35335689	0	0	282	1	0
creo	0	28.57142857	71.42857143	0	0	2	5	0
crep	3.278688525	75.40983607	19.67213115	1.639344262	2	46	12	1
cres	1.53698367	60.42267051	38.04034582	0	16	629	396	0
cret	0	94.59459459	5.405405405	0	0	35	2	0
creu	0	100	0	0	0	3	0	0
crev	0	100	0	0	0	5	0	0
cria	0	100	0	0	0	4	0	0
crib	0	100	0	0	0	1	0	0
cric	0	85.71428571	14.28571429	0	0	6	1	0
crid	100	0	0	0	1	0	0	0
crim	32.09549072	46.68435013	21.22015915	0	121	176	80	0
crin	0	100	0	0	0	24	0	0
crio	0	0	100	0	0	0	1	0
crip	0	97.05882353	2.941176471	0	0	33	1	0
cris	0.68212824	92.9058663	6.412005457	0	10	1362	94	0
crit	0.580046404	34.3387471	64.73317865	0.348027842	5	296	558	3
criv	5.882352941	94.11764706	0	0	1	16	0	0
croa	0	100	0	0	0	108	0	0
croc	0	99.66555184	0.334448161	0	0	298	1	0
crod	0	100	0	0	0	1	0	0
crog	0	50	41.66666667	8.333333333	0	6	5	1
crol	1.843317972	94.00921659	4.147465438	0	4	204	9	0
crom	1.724137931	62.06896552	36.20689655	0	1	36	21	0
cron	1.243781095	35.82089552	62.93532338	0	5	144	253	0
cros	0	79.62962963	20.37037037	0	0	43	11	0
crot	0	100	0	0	0	25	0	0
crov	0	100	0	0	0	3	0	0
cruc	0	100	0	0	0	75	0	0
crud	19.42857143	80.57142857	0	0	34	141	0	0
crue	0	100	0	0	0	15	0	0
crun	0	100	0	0	0	2	0	0
crus	0	100	0	0	0	15	0	0
crux	0	100	0	0	0	5	0	0
cuan	0	100	0	0	0	2	0	0
cuba	2.631578947	97.36842105	0	0	1	37	0	0
cube	0	100	0	0	0	11	0	0
cubi	0	92.85714286	7.142857143	0	0	13	1	0
cucc	0	87.6056338	12.3943662	0	0	311	44	0
cuci	0.481927711	96.62650602	2.891566265	0	2	401	12	0
cucu	0	25	75	0	0	1	3	0
cudi	0	100	0	0	0	5	0	0
cuff	0	100	0	0	0	23	0	0
cugi	0	100	0	0	0	101	0	0
cula	0	100	0	0	0	2	0	0
culi	0	100	0	0	0	19	0	0
culk	100	0	0	0	7	0	0	0
cull	0	97.56097561	2.43902439	0	0	40	1	0
culm	6.153846154	40	50.76923077	3.076923077	4	26	33	2
culo	0	100	0	0	0	3	0	0
culp	0	100	0	0	0	11	0	0
cult	0.28708134	99.71291866	0	0	3	1042	0	0
cuma	33.33333333	66.66666667	0	0	1	2	0	0
cumb	0	100	0	0	0	2	0	0
cumi	0	100	0	0	0	7	0	0
cumu	0	46.66666667	50	3.333333333	0	14	15	1
cuna	0	100	0	0	0	1	0	0
cune	0	17.5	82.5	0	0	7	33	0
cuni	0	0	100	0	0	0	12	0
cunz	0	100	0	0	0	6	0	0
cuoc	0	64.0625	35.9375	0	0	123	69	0
cuog	0	100	0	0	0	2	0	0
cuoi	0	100	0	0	0	70	0	0
cuom	0	100	0	0	0	6	0	0
cuor	0	100	0	0	0	849	0	0
cuov	0	100	0	0	0	1	0	0
cupa	0	100	0	0	0	4	0	0
cupe	0	100	0	0	0	5	0	0
cupi	0	100	0	0	0	10	0	0
cupo	0	7.692307692	92.30769231	0	0	5	60	0
cura	1.907356948	90.46321526	7.629427793	0	7	332	28	0
curc	0	92.30769231	7.692307692	0	0	12	1	0
curd	0	100	0	0	0	17	0	0
curi	41.80522565	58.19477435	0	0	176	245	0	0
curl	0	100	0	0	0	6	0	0
curr	0	21.05263158	78.94736842	0	0	8	30	0
curs	0	100	0	0	0	4	0	0
curt	5.555555556	94.44444444	0	0	1	17	0	0
curv	0	98.81656805	1.183431953	0	0	167	2	0
curz	0	100	0	0	0	26	0	0
cusa	0	100	0	0	0	73	0	0
cusc	4.054054054	95.94594595	0	0	3	71	0	0
cusi	0	100	0	0	0	3	0	0
cuss	0	100	0	0	0	1	0	0
cust	0.900900901	98.1981982	0.900900901	0	2	218	2	0
cuta	0	0	100	0	0	0	18	0
cuti	0	0	100	0	0	0	1	0
cuto	0	0	100	0	0	0	5	0
cutr	0	100	0	0	0	13	0	0
cutt	0	100	0	0	0	7	0	0
cutu	0	100	0	0	0	4	0	0
cyra	0	100	0	0	0	10	0	0
cyri	100	0	0	0	3	0	0	0
d'ab	0	100	0	0	0	5	0	0
d'ac	0	99.70149254	0.298507463	0	0	334	1	0
d'ad	0	100	0	0	0	8	0	0
d'ag	0	100	0	0	0	10	0	0
d'al	0	96	4	0	0	168	7	0
d'am	0	100	0	0	0	73	0	0
d'an	0	69.09090909	30.90909091	0	0	38	17	0
d'aq	0	100	0	0	0	4	0	0
d'ar	7.692307692	92.30769231	0	0	1	12	0	0
d'at	0	100	0	0	0	4	0	0
d'av	0	100	0	0	0	1	0	0
d'az	0	100	0	0	0	8	0	0
d'ec	0	100	0	0	0	14	0	0
d'el	0	100	0	0	0	11	0	0
d'em	0	100	0	0	0	1	0	0
d'er	50	50	0	0	1	1	0	0
d'es	100	0	0	0	5	0	0	0
d'eu	0	100	0	0	0	1	0	0
d'im	0	100	0	0	0	26	0	0
d'in	0	100	0	0	0	5	0	0
d'ip	0	0	100	0	0	0	3	0
d'on	0	100	0	0	0	28	0	0
d'or	0	100	0	0	0	17	0	0
d'ul	0	100	0	0	0	1	0	0
d'ur	0	100	0	0	0	20	0	0
dabb	0	80	20	0	0	4	1	0
dacc	31.57894737	68.42105263	0	0	6	13	0	0
daci	0	100	0	0	0	14	0	0
dacq	0	100	0	0	0	1	0	0
dada	0	100	0	0	0	1	0	0
dadd	0	100	0	0	0	5	0	0
dadi	0	100	0	0	0	20	0	0
dado	0	100	0	0	0	1	0	0
daff	0	100	0	0	0	3	0	0
dafn	0	100	0	0	0	2	0	0
daga	100	0	0	0	1	0	0	0
dagh	0	0	100	0	0	0	1	0
dagr	0	100	0	0	0	1	0	0
dain	0	100	0	0	0	7	0	0
daka	100	0	0	0	2	0	0	0
daki	100	0	0	0	1	0	0	0
dako	0	100	0	0	0	5	0	0
dala	11.11111111	88.88888889	0	0	1	8	0	0
dale	0	100	0	0	0	1	0	0
dali	0	46.15384615	53.84615385	0	0	6	7	0
dalk	100	0	0	0	2	0	0	0
dall	0	96.77419355	3.225806452	0	0	90	3	0
dalm	0	58.82352941	41.17647059	0	0	10	7	0
dama	0	92.30769231	7.692307692	0	0	36	3	0
dame	0	100	0	0	0	1	0	0
dami	0	96.42857143	3.571428571	0	0	27	1	0
damm	0	100	0	0	0	6	0	0
damo	0	100	0	0	0	19	0	0
dana	0	100	0	0	0	32	0	0
dand	4.166666667	62.5	33.33333333	0	1	15	8	0
dane	0	100	0	0	0	55	0	0
dani	0	100	0	0	0	216	0	0
dann	0	98.89908257	1.100917431	0	0	539	6	0
dant	0	100	0	0	0	51	0	0
danu	0	100	0	0	0	6	0	0
danz	2.564102564	93.33333333	4.102564103	0	5	182	8	0
dapp	0	100	0	0	0	144	0	0
dara	100	0	0	0	1	0	0	0
dard	0	66.66666667	33.33333333	0	0	8	4	0
dare	0	84.65031789	15.25885559	0.090826521	0	932	168	1
dari	0	94.11764706	5.882352941	0	0	48	3	0
dark	0	100	0	0	0	1	0	0
darm	100	0	0	0	1	0	0	0
dars	0	90.90909091	9.090909091	0	0	10	1	0
darv	0	100	0	0	0	1	0	0
darw	0	100	0	0	0	5	0	0
dass	0	100	0	0	0	1	0	0
data	1.408450704	94.36619718	4.225352113	0	1	67	3	0
dati	0	100	0	0	0	1	0	0
dato	0	100	0	0	0	34	0	0
datt	0	50	50	0	0	8	8	0
dava	0	100	0	0	0	1987	0	0
dave	0	100	0	0	0	34	0	0
davi	2.403846154	75.48076923	22.11538462	0	5	157	46	0
davo	66.66666667	0	33.33333333	0	2	0	1	0
davv	0	100	0	0	0	778	0	0
dazi	0	100	0	0	0	4	0	0
dazz	0	100	0	0	0	1	0	0
de'c	33.33333333	66.66666667	0	0	1	2	0	0
de'f	100	0	0	0	3	0	0	0
de'm	100	0	0	0	2	0	0	0
deag	0	100	0	0	0	5	0	0
deam	0	100	0	0	0	2	0	0
debb	0	100	0	0	0	1	0	0
debe	0	100	0	0	0	10	0	0
debi	0	12.16216216	87.83783784	0	0	27	195	0
debo	0	30.37249284	69.62750716	0	0	106	243	0
debu	11.94968553	87.42138365	0.628930818	0	19	139	1	0
deca	1.595744681	75.53191489	22.87234043	0	3	142	43	0
decc	100	0	0	0	3	0	0	0
dece	0.331125828	99.66887417	0	0	1	301	0	0
deci	1.543839208	88.814448	9.641712788	0	53	3049	331	0
decl	0	97.93814433	2.06185567	0	0	95	2	0
deco	1.764705882	94.41176471	3.529411765	0.294117647	6	321	12	1
decr	1.373626374	96.7032967	1.923076923	0	5	352	7	0
decu	6.25	93.75	0	0	1	15	0	0
deda	0	0	100	0	0	0	8	0
dedi	2.929936306	78.34394904	16.68789809	2.038216561	23	615	131	16
dedo	0	100	0	0	0	1	0	0
dedr	0	100	0	0	0	3	0	0
dedu	0	93.33333333	6.666666667	0	0	56	4	0
defa	0	100	0	0	0	4	0	0
defe	0	96	4	0	0	24	1	0
defi	1.433447099	89.21501706	9.351535836	0	21	1307	137	0
defl	0	96.15384615	3.846153846	0	0	25	1	0
defo	7.317073171	87.80487805	4.87804878	0	3	36	2	0
defr	0	83.33333333	16.66666667	0	0	5	1	0
defu	0	100	0	0	0	44	0	0
dege	1.428571429	90	8.571428571	0	1	63	6	0
degi	0	0	100	0	0	0	1	0
degl	33.33333333	66.66666667	0	0	4	8	0	0
degn	0.740740741	98.51851852	0.740740741	0	1	133	1	0
degr	0	94.04761905	5.952380952	0	0	79	5	0
degu	12.5	87.5	0	0	1	7	0	0
deie	0	100	0	0	0	2	0	0
dein	0	100	0	0	0	5	0	0
deit	100	0	0	0	1	0	0	0
dela	0	100	0	0	0	4	0	0
dele	0	86.62207358	13.37792642	0	0	259	40	0
delf	0	100	0	0	0	37	0	0
delg	0	100	0	0	0	9	0	0
delh	0	100	0	0	0	8	0	0
deli	0.195886386	87.5612145	11.26346719	0.979431929	2	894	115	10
dell	0	100	0	0	0	152	0	0
delo	0	100	0	0	0	4	0	0
delt	0	100	0	0	0	73	0	0
delu	0	95.83333333	4.166666667	0	0	276	12	0
dema	22.53521127	59.15492958	18.30985915	0	16	42	13	0
demb	0	100	0	0	0	2	0	0
deme	0	87.80487805	12.19512195	0	0	36	5	0
demi	0	77.77777778	22.22222222	0	0	7	2	0
demm	0	100	0	0	0	4	0	0
demo	0.186741363	58.82352941	40.98972923	0	2	630	439	0
dena	0	5.014749263	94.98525074	0	0	17	322	0
dend	0	0	100	0	0	0	1	0
dene	0	100	0	0	0	2	0	0
deni	0	100	0	0	0	14	0	0
deno	2.222222222	93.33333333	4.444444444	0	1	42	2	0
dens	36.58536585	63.41463415	0	0	30	52	0	0
dent	0	99.56709957	0.432900433	0	0	920	4	0
denu	0.904977376	96.07843137	3.016591252	0	6	637	20	0
denv	0	100	0	0	0	2	0	0
deod	0	100	0	0	0	2	0	0
deon	0	0	100	0	0	0	3	0
deot	0	100	0	0	0	3	0	0
depa	0	100	0	0	0	1	0	0
depe	0	68	32	0	0	17	8	0
depi	4.166666667	91.66666667	4.166666667	0	1	22	1	0
depl	0	60.86956522	39.13043478	0	0	14	9	0
depo	1.129943503	65.25423729	31.63841808	1.97740113	4	231	112	7
depr	0	91.74311927	8.256880734	0	0	200	18	0
depu	0	100	0	0	0	311	0	0
dequ	0	100	0	0	0	9	0	0
dera	0	100	0	0	0	9	0	0
derb	0	100	0	0	0	57	0	0
dere	0	100	0	0	0	19	0	0
deri	1.127819549	85.33834586	13.53383459	0	3	227	36	0
derm	5	45	50	0	1	9	10	0
dero	0	15	85	0	0	3	17	0
derr	37.5	62.5	0	0	3	5	0	0
deru	0	90.90909091	9.090909091	0	0	30	3	0
derv	0	100	0	0	0	1	0	0
desc	0	81.91780822	18.08219178	0	0	299	66	0
desd	0	0	100	0	0	0	1	0
dese	0	95.6284153	4.371584699	0	0	175	8	0
desi	0.776196636	83.69987063	13.19534282	2.328589909	6	647	102	18
desn	0	100	0	0	0	1	0	0
deso	0	100	0	0	0	46	0	0
desp	0	16.66666667	83.33333333	0	0	2	10	0
desq	0	100	0	0	0	1	0	0
dess	66.66666667	33.33333333	0	0	2	1	0	0
dest	0.255102041	99.10714286	0.637755102	0	4	1554	10	0
desu	0	66.66666667	33.33333333	0	0	12	6	0
deta	0	100	0	0	0	6	0	0
dete	0.491400491	91.27764128	5.896805897	2.334152334	4	743	48	19
deto	0	100	0	0	0	7	0	0
detr	0	95.83333333	4.166666667	0	0	69	3	0
dett	1.479289941	97.92899408	0.591715976	0	5	331	2	0
detu	0	78.57142857	21.42857143	0	0	11	3	0
deum	0	100	0	0	0	1	0	0
deut	0	0	100	0	0	0	3	0
deva	0	98.93617021	1.063829787	0	0	93	1	0
devi	0.934579439	98.13084112	0.934579439	0	1	105	1	0
devo	1.694915254	94.91525424	3.389830508	0	2	112	4	0
di e	0	100	0	0	0	1	0	0
di'p	100	0	0	0	1	0	0	0
diab	0	28.16901408	71.83098592	0	0	20	51	0
diac	0	33.33333333	66.66666667	0	0	2	4	0
diad	0	100	0	0	0	6	0	0
diaf	0	90.47619048	9.523809524	0	0	19	2	0
diag	0	45.05494505	53.84615385	1.098901099	0	41	49	1
dial	0	25.78125	74.21875	0	0	66	190	0
diam	0	89.62264151	10.37735849	0	0	95	11	0
dian	0.769230769	99.23076923	0	0	1	129	0	0
diap	0	83.33333333	16.66666667	0	0	10	2	0
diar	0	100	0	0	0	117	0	0
dias	0	0	100	0	0	0	10	0
diat	0	90	10	0	0	9	1	0
diav	0	2.352941176	97.64705882	0	0	4	166	0
diba	0	16.92913386	83.07086614	0	0	43	211	0
dibe	0	100	0	0	0	1	0	0
dica	0	100	0	0	0	23	0	0
dice	0	100	0	0	0	325	0	0
dich	0.088339223	97.08480565	2.826855124	0	1	1099	32	0
dici	0	89.75609756	10.24390244	0	0	184	21	0
dico	0	66.66666667	33.33333333	0	0	6	3	0
dida	0	21.62162162	78.37837838	0	0	16	58	0
didi	0	0	100	0	0	0	1	0
dido	0	100	0	0	0	2	0	0
didy	0	0	100	0	0	0	1	0
diec	0	100	0	0	0	820	0	0
dieg	0	100	0	0	0	87	0	0
dier	0	100	0	0	0	2	0	0
dies	0	100	0	0	0	32	0	0
diet	0.774443369	95.45014521	3.775411423	0	8	986	39	0
difa	0	100	0	0	0	29	0	0
dife	0.356379187	80.75552388	18.67426942	0.213827512	5	1133	262	3
diff	17.09558824	45.29411765	37.57352941	0.036764706	465	1232	1022	1
difr	0	100	0	0	0	3	0	0
diga	0	100	0	0	0	6	0	0
dige	1.052631579	95.78947368	3.157894737	0	1	91	3	0
digi	1.052631579	95.78947368	3.157894737	0	1	91	3	0
dign	63.38028169	36.61971831	0	0	90	52	0	0
digo	0	100	0	0	0	30	0	0
digr	0	85.71428571	14.28571429	0	0	12	2	0
dila	3.539823009	85.84070796	10.61946903	0	4	97	12	0
dile	0.724637681	88.4057971	10.86956522	0	1	122	15	0
dili	0	100	0	0	0	32	0	0
dill	0	100	0	0	0	1	0	0
dilu	3.389830508	88.13559322	8.474576271	0	2	52	5	0
dima	2.43902439	97.56097561	0	0	1	40	0	0
dime	2.770780856	86.64987406	9.571788413	1.007556675	33	1032	114	12
dimi	2.059496568	94.05034325	3.890160183	0	9	411	17	0
dimm	100	0	0	0	1	0	0	0
dimo	2.125506073	88.36032389	9.51417004	0	21	873	94	0
dina	1.915708812	66.2835249	31.80076628	0	5	173	83	0
dinc	0	100	0	0	0	6	0	0
ding	0	100	0	0	0	1	0	0
dini	0	100	0	0	0	8	0	0
dino	0	95.83333333	4.166666667	0	0	46	2	0
dint	0	100	0	0	0	68	0	0
dioc	0	35.29411765	64.70588235	0	0	12	22	0
diod	0	0	100	0	0	0	1	0
diog	0	0	100	0	0	0	4	0
dioi	0	0	100	0	0	0	1	0
diom	0	100	0	0	0	2	0	0
dion	0	66.66666667	33.33333333	0	0	8	4	0
dior	0	100	0	0	0	1	0	0
dios	0	0	100	0	0	0	1	0
diot	0	50	50	0	0	3	3	0
dipa	1.075268817	95.69892473	3.225806452	0	1	89	3	0
dipe	4.6875	85.24305556	10.06944444	0	27	491	58	0
dipi	0	84.74576271	15.25423729	0	0	200	36	0
dipl	0	49.16666667	50.83333333	0	0	118	122	0
dipo	0	100	0	0	0	1	0	0
dipr	0	100	0	0	0	2	0	0
dira	3.703703704	88.88888889	7.407407407	0	1	24	2	0
dire	0	92.15531795	7.844682048	0	0	8188	697	0
diri	0.530503979	93.83289125	5.636604775	0	8	1415	85	0
dirl	0	100	0	0	0	18	0	0
diro	0	100	0	0	0	64	0	0
dirt	0	100	0	0	0	2	0	0
diru	0	100	0	0	0	3	0	0
disa	0.315955766	92.89099526	6.793048973	0	2	588	43	0
disb	0	100	0	0	0	6	0	0
disc	1.336302895	81.91536748	16.74832962	0	30	1839	376	0
disd	0	68.42105263	31.57894737	0	0	26	12	0
dise	0.636942675	96.65605096	2.707006369	0	4	607	17	0
disf	0	94.04761905	5.952380952	0	0	79	5	0
disg	0	97.4522293	2.547770701	0	0	153	4	0
disi	0.384615385	96.53846154	3.076923077	0	1	251	8	0
disl	0	91.89189189	8.108108108	0	0	34	3	0
dism	0	98.07692308	1.923076923	0	0	51	1	0
disn	0	7.594936709	92.40506329	0	0	6	73	0
diso	2.37388724	74.18397626	23.4421365	0	8	250	79	0
disp	5.989686632	80.52360175	13.36771123	0.119000397	151	2030	337	3
disq	0	100	0	0	0	6	0	0
diss	0.254452926	91.85750636	7.37913486	0.508905852	1	361	29	2
dist	0.428816467	90.30874786	9.262435678	0	10	2106	216	0
disu	4.87804878	95.12195122	0	0	2	39	0	0
disv	0	100	0	0	0	4	0	0
dita	0	100	0	0	0	1	0	0
diti	0	0	100	0	0	0	1	0
ditt	0	98.45360825	1.546391753	0	0	191	3	0
diur	0	55.81395349	44.18604651	0	0	24	19	0
diva	1.863354037	97.51552795	0.621118012	0	3	157	1	0
dive	2.991202346	92.8054741	4.183773216	0.019550342	153	4747	214	1
divi	4.914285714	81.37142857	13.71428571	0	43	712	120	0
divo	1.145038168	96.5648855	2.290076336	0	3	253	6	0
divu	1.515151515	93.93939394	4.545454545	0	1	62	3	0
dizi	0	100	0	0	0	63	0	0
djaf	100	0	0	0	1	0	0	0
djam	0	100	0	0	0	1	0	0
djan	0	100	0	0	0	1	0	0
dobb	0	100	0	0	0	2	0	0
dobl	0	100	0	0	0	3	0	0
docc	0	100	0	0	0	63	0	0
doce	0	100	0	0	0	124	0	0
doci	21.05263158	21.05263158	57.89473684	0	4	4	11	0
docu	0	97.8021978	2.197802198	0	0	534	12	0
dode	0	66.66666667	33.33333333	0	0	4	2	0
dodi	0	8.487084871	91.51291513	0	0	23	248	0
doga	0	100	0	0	0	29	0	0
dogl	0	100	0	0	0	3	0	0
dogm	0	79.31034483	20.68965517	0	0	23	6	0
dolc	0	99.76905312	0.230946882	0	0	432	1	0
dole	3.846153846	90.38461538	5.769230769	0	2	47	3	0
doli	0	80	20	0	0	4	1	0
doll	0	0	100	0	0	0	394	0
dolo	0	99.55654102	0.44345898	0	0	449	2	0
dolp	0	100	0	0	0	1	0	0
doma	6.053811659	92.3019432	1.644245142	0	81	1235	22	0
dome	0	4.387990762	95.61200924	0	0	38	828	0
domi	1.481481481	81.2962963	13.88888889	3.333333333	8	439	75	18
domo	0	0	100	0	0	0	8	0
domp	0	100	0	0	0	1	0	0
domu	0	100	0	0	0	20	0	0
dona	2.904564315	95.02074689	2.074688797	0	7	229	5	0
dond	0	73.33333333	24.44444444	2.222222222	0	33	11	1
done	0	100	0	0	0	3	0	0
dong	0	100	0	0	0	14	0	0
doni	0	100	0	0	0	17	0	0
donl	100	0	0	0	1	0	0	0
donn	0	99.92072929	0.079270709	0	0	2521	2	0
dono	0	0	100	0	0	0	2	0
donz	0	100	0	0	0	6	0	0
dopa	0	100	0	0	0	2	0	0
dopo	17.14285714	82.14285714	0.714285714	0	24	115	1	0
dopp	0	99.77375566	0.226244344	0	0	441	1	0
dora	0	100	0	0	0	116	0	0
dore	0	100	0	0	0	27	0	0
dori	3.846153846	65.38461538	30.76923077	0	1	17	8	0
dorm	3.539823009	89.82300885	6.637168142	0	16	406	30	0
doro	0	100	0	0	0	9	0	0
dors	0	100	0	0	0	70	0	0
doru	0	100	0	0	0	1	0	0
dosa	0	100	0	0	0	28	0	0
doss	0	100	0	0	0	65	0	0
dost	0	100	0	0	0	2	0	0
dota	0.480769231	99.03846154	0.480769231	0	1	206	1	0
dott	53.16455696	46.83544304	0	0	294	259	0	0
dova	0	100	0	0	0	1	0	0
dove	9.79020979	72.71021661	17.4995736	0	574	4263	1026	0
dovi	0	100	0	0	0	8	0	0
dovu	0	100	0	0	0	96	0	0
dozz	0	100	0	0	0	49	0	0
drac	0	13.63636364	86.36363636	0	0	3	19	0
drag	3.571428571	96.42857143	0	0	2	54	0	0
drak	100	0	0	0	1	0	0	0
dram	2.355460385	48.60813704	49.03640257	0	11	227	229	0
drap	0	100	0	0	0	39	0	0
dras	0	23.80952381	76.19047619	0	0	15	48	0
drav	0	50	50	0	0	1	1	0
dren	0	100	0	0	0	18	0	0
dres	0	100	0	0	0	2	0	0
dria	0	0	100	0	0	0	2	0
drib	0	100	0	0	0	5	0	0
drit	0	100	0	0	0	92	0	0
driz	10	90	0	0	1	9	0	0
droe	0	100	0	0	0	1	0	0
drog	0	99.09090909	0.909090909	0	0	327	3	0
drom	0	100	0	0	0	2	0	0
dros	0	100	0	0	0	2	0	0
drud	0	100	0	0	0	4	0	0
drui	0	0	100	0	0	0	1	0
drus	0	100	0	0	0	1	0	0
dual	0	100	0	0	0	5	0	0
dubb	0	100	0	0	0	538	0	0
dubi	1.515151515	54.54545455	37.87878788	6.060606061	1	36	25	4
dubl	0	100	0	0	0	15	0	0
duca	0	100	0	0	0	35	0	0
ducc	0	100	0	0	0	2	0	0
duch	0	100	0	0	0	33	0	0
duec	0	100	0	0	0	118	0	0
duel	0	100	0	0	0	63	0	0
duem	0	100	0	0	0	115	0	0
duet	0	100	0	0	0	16	0	0
dugn	0	100	0	0	0	18	0	0
duil	0	100	0	0	0	13	0	0
duka	0	100	0	0	0	3	0	0
dulb	0	100	0	0	0	4	0	0
dulc	0	100	0	0	0	2	0	0
dunq	0	100	0	0	0	952	0	0
duom	0	100	0	0	0	114	0	0
duop	0	100	0	0	0	4	0	0
dupl	3.571428571	21.42857143	75	0	2	12	42	0
dura	3.110209601	94.65855308	2.231237323	0	46	1400	33	0
durb	0	100	0	0	0	2	0	0
dure	2	78	20	0	1	39	10	0
durh	100	0	0	0	3	0	0	0
duro	50	50	0	0	1	1	0	0
dutt	50	0	50	0	7	0	7	0
e'vo	0	0	100	0	0	0	2	0
eban	0	40	60	0	0	4	6	0
ebbe	0	100	0	0	0	92	0	0
ebbr	0	100	0	0	0	18	0	0
ebet	0	0	100	0	0	0	1	0
ebne	100	0	0	0	1	0	0	0
ebol	0	73.91304348	26.08695652	0	0	17	6	0
ebra	0	5.128205128	94.87179487	0	0	6	111	0
ebre	0	100	0	0	0	190	0	0
ebri	0	0	100	0	0	0	3	0
ebur	0	0	100	0	0	0	4	0
ecat	0	100	0	0	0	5	0	0
ecce	1.668302257	90.48086359	7.850834151	0	17	922	80	0
ecch	0	0	100	0	0	0	4	0
ecci	1.960784314	84.96732026	11.11111111	1.960784314	3	130	17	3
eccl	0	32	68	0	0	16	34	0
ecco	0	12.74509804	87.25490196	0	0	26	178	0
echa	0	100	0	0	0	6	0	0
eche	14.28571429	66.66666667	19.04761905	0	3	14	4	0
echi	0	0	100	0	0	0	1	0
ecla	0	100	0	0	0	9	0	0
ecle	0	28	72	0	0	7	18	0
ecli	0	100	0	0	0	14	0	0
ecog	0	81.81818182	18.18181818	0	0	9	2	0
ecol	0	48.0620155	51.9379845	0	0	62	67	0
econ	0.333611343	35.11259383	64.55379483	0	4	421	774	0
ecos	0	100	0	0	0	9	0	0
ecot	0	0	100	0	0	0	1	0
ecto	0	100	0	0	0	1	0	0
ecua	0	0	100	0	0	0	3	0
ecub	0	100	0	0	0	1	0	0
ecum	0	0	100	0	0	0	9	0
ecze	0	100	0	0	0	2	0	0
edag	0	0	100	0	0	0	1	0
edem	0	100	0	0	0	6	0	0
eder	0	0	100	0	0	0	26	0
edga	0	100	0	0	0	1	0	0
edic	0	6.52173913	93.47826087	0	0	3	43	0
edif	1.041666667	95.83333333	3.125	0	2	184	6	0
edil	2.040816327	97.95918367	0	0	3	144	0	0
edim	0	100	0	0	0	13	0	0
edip	0	87.5	12.5	0	0	21	3	0
edis	0	0	100	0	0	0	15	0
edit	0	89.5140665	10.4859335	0	0	350	41	0
ediz	0	100	0	0	0	324	0	0
edmo	0	100	0	0	0	11	0	0
edoa	0	100	0	0	0	53	0	0
edon	0	69.23076923	30.76923077	0	0	9	4	0
edot	0	100	0	0	0	3	0	0
educ	0	99.68944099	0.310559006	0	0	321	1	0
edul	0	100	0	0	0	3	0	0
edur	0	100	0	0	0	2	0	0
edwi	0	100	0	0	0	2	0	0
efeb	0	0	100	0	0	0	2	0
efed	0	100	0	0	0	2	0	0
efes	0	0	100	0	0	0	1	0
effe	0.219941349	99.26686217	0.513196481	0	3	1354	7	0
effi	0	92.56594724	7.434052758	0	0	386	31	0
effl	0	100	0	0	0	2	0	0
effo	0	0	100	0	0	0	1	0
effr	0	100	0	0	0	5	0	0
effu	8.333333333	91.66666667	0	0	1	11	0	0
efis	0	100	0	0	0	1	0	0
egem	0	77.27272727	22.72727273	0	0	17	5	0
eger	0	100	0	0	0	1	0	0
egid	0	62.5	37.5	0	0	25	15	0
egis	0	100	0	0	0	8	0	0
egit	0	95.23809524	4.761904762	0	0	40	2	0
egiz	0	100	0	0	0	49	0	0
egli	0	100	0	0	0	141	0	0
egoc	0	37.5	62.5	0	0	3	5	0
egoi	0	89.47368421	10.52631579	0	0	51	6	0
egor	0	100	0	0	0	3	0	0
egot	0	100	0	0	0	2	0	0
egre	0	100	0	0	0	19	0	0
egua	6.944444444	90.27777778	2.777777778	0	5	65	2	0
eiac	0	100	0	0	0	3	0	0
eina	0	100	0	0	0	37	0	0
ekat	0	100	0	0	0	1	0	0
elab	1.104972376	91.16022099	4.972375691	2.762430939	2	165	9	5
elar	3.03030303	93.93939394	3.03030303	0	1	31	1	0
elas	25.3968254	7.936507937	66.66666667	0	16	5	42	0
elda	0	100	0	0	0	1	0	0
eldo	0	100	0	0	0	1	0	0
ele'	0	100	0	0	0	1	0	0
elec	14.28571429	85.71428571	0	0	2	12	0	0
elef	0	94.91525424	5.084745763	0	0	56	3	0
eleg	0.511945392	92.32081911	7.167235495	0	3	541	42	0
elei	0	0	100	0	0	0	2	0
elek	0	100	0	0	0	4	0	0
elem	0.169491525	95.42372881	4.406779661	0	1	563	26	0
elen	0.651465798	74.59283388	24.75570033	0	2	229	76	0
eleo	0	100	0	0	0	26	0	0
elet	2.784810127	67.76371308	29.45147679	0	33	803	349	0
eleu	0	100	0	0	0	1	0	0
elev	0.507614213	98.98477157	0.507614213	0	1	195	1	0
elez	0	100	0	0	0	524	0	0
elga	0	100	0	0	0	1	0	0
elgr	0	100	0	0	0	2	0	0
elia	0	88.88888889	11.11111111	0	0	8	1	0
elic	0	1.785714286	98.21428571	0	0	2	110	0
elid	0	100	0	0	0	1	0	0
elig	0	100	0	0	0	1	0	0
elim	1.111111111	91.11111111	5.833333333	1.944444444	4	328	21	7
elio	0	80	20	0	0	16	4	0
elip	0	100	0	0	0	2	0	0
elis	1.935483871	98.06451613	0	0	3	152	0	0
elit	0	100	0	0	0	7	0	0
eliz	0	100	0	0	0	4	0	0
ella	0	0	100	0	0	0	1	0
elle	0	17.64705882	82.35294118	0	0	3	14	0
elli	0	33.33333333	66.66666667	0	0	1	2	0
elme	11.11111111	88.88888889	0	0	1	8	0	0
elod	0	100	0	0	0	1	0	0
elog	0	100	0	0	0	44	0	0
eloi	0	100	0	0	0	1	0	0
eloq	0	100	0	0	0	23	0	0
elpi	0	100	0	0	0	4	0	0
else	0	100	0	0	0	1	0	0
eluc	0	100	0	0	0	4	0	0
elud	0	50	50	0	0	6	6	0
elus	0	100	0	0	0	8	0	0
elve	0	0	100	0	0	0	21	0
elvi	0	100	0	0	0	26	0	0
elze	0	100	0	0	0	1	0	0
emac	0	100	0	0	0	2	0	0
eman	1.181102362	91.33858268	7.480314961	0	3	232	19	0
emar	0	100	0	0	0	72	0	0
emat	0	56.25	43.75	0	0	9	7	0
emba	0	100	0	0	0	41	0	0
embl	0	54.71698113	45.28301887	0	0	29	24	0
embo	0	100	0	0	0	1	0	0
embr	0	100	0	0	0	16	0	0
emen	0	95.52238806	4.47761194	0	0	64	3	0
emer	1.094890511	83.21167883	15.69343066	0	6	456	86	0
emes	0	100	0	0	0	1	0	0
emet	1.960784314	77.77777778	20.26143791	0	3	119	31	0
emic	0	96.2962963	3.703703704	0	0	26	1	0
emid	0	100	0	0	0	4	0	0
emig	1.904761905	92.38095238	5.714285714	0	2	97	6	0
emil	0	100	0	0	0	246	0	0
emin	0	100	0	0	0	26	0	0
emir	0	100	0	0	0	10	0	0
emis	0	100	0	0	0	95	0	0
emit	0	100	0	0	0	84	0	0
emiv	0	100	0	0	0	2	0	0
emmo	0	0	100	0	0	0	1	0
emod	0	92.85714286	7.142857143	0	0	13	1	0
emof	0	0	100	0	0	0	4	0
emog	0	0	100	0	0	0	1	0
emol	0	83.33333333	16.66666667	0	0	5	1	0
emor	0	76.92307692	23.07692308	0	0	10	3	0
emot	8.43373494	91.56626506	0	0	7	76	0	0
emoz	0.33557047	99.32885906	0.33557047	0	1	296	1	0
empe	0	0	100	0	0	0	3	0
empi	7.407407407	42.59259259	50	0	4	23	27	0
empo	0	38.46153846	61.53846154	0	0	5	8	0
emul	3.125	59.375	37.5	0	1	19	12	0
emun	0	100	0	0	0	1	0	0
enar	0	100	0	0	0	1	0	0
ence	0	62.5	37.5	0	0	5	3	0
enci	0	66.66666667	33.33333333	0	0	30	15	0
encl	0	100	0	0	0	5	0	0
enco	0	0	100	0	0	0	3	0
ende	0	28.57142857	71.42857143	0	0	2	5	0
endo	0	54.54545455	45.45454545	0	0	12	10	0
endr	0	100	0	0	0	1	0	0
endu	0	100	0	0	0	1	0	0
enek	0	100	0	0	0	1	0	0
ener	0	78.00453515	21.99546485	0	0	344	97	0
enfa	0	45	55	0	0	27	33	0
enfi	33.33333333	66.66666667	0	0	1	2	0	0
enig	0	42.85714286	57.14285714	0	0	24	32	0
enne	0	0	100	0	0	0	153	0
enni	0	100	0	0	0	14	0	0
enol	0	40	60	0	0	4	6	0
enor	1.056338028	98.94366197	0	0	3	281	0	0
enot	0	81.81818182	18.18181818	0	0	9	2	0
enri	0	100	0	0	0	213	0	0
ente	0	100	0	0	0	3	0	0
enti	100	0	0	0	64	0	0	0
ento	0	37.5	62.5	0	0	3	5	0
entr	4.027664768	90.96826688	5.004068348	0	99	2236	123	0
entu	0.655737705	95.73770492	3.606557377	0	2	292	11	0
enuc	0	0	100	0	0	0	2	0
enum	0	83.33333333	16.66666667	0	0	5	1	0
enun	0	95	5	0	0	19	1	0
enur	0	100	0	0	0	3	0	0
envi	0	100	0	0	0	5	0	0
enzi	0	81.25	18.75	0	0	13	3	0
eoli	0	85.71428571	14.28571429	0	0	6	1	0
epar	0	100	0	0	0	1	0	0
epat	0	55.88235294	44.11764706	0	0	19	15	0
epic	0	40.90909091	59.09090909	0	0	9	13	0
epid	0	45	55	0	0	27	33	0
epif	0	81.25	18.75	0	0	13	3	0
epig	0	33.33333333	66.66666667	0	0	4	8	0
epil	0	8.823529412	91.17647059	0	0	3	31	0
epin	0	100	0	0	0	1	0	0
epis	0.293255132	96.18768328	3.519061584	0	1	328	12	0
epit	0	53.84615385	46.15384615	0	0	7	6	0
epoc	0	1.160092807	98.83990719	0	0	5	426	0
epom	0	100	0	0	0	2	0	0
epon	0	0	100	0	0	0	1	0
epop	0	100	0	0	0	8	0	0
epos	0	0	100	0	0	0	2	0
eppo	0	100	0	0	0	26	0	0
eppu	1.801801802	98.1981982	0	0	8	436	0	0
epso	0	100	0	0	0	2	0	0
epur	6.25	93.75	0	0	1	15	0	0
equa	7.317073171	90.24390244	2.43902439	0	3	37	1	0
eque	0	100	0	0	0	9	0	0
equi	2.75862069	83.96551724	13.27586207	0	16	487	77	0
erac	0	0	100	0	0	0	2	0
eral	0	100	0	0	0	1	0	0
eran	0	100	0	0	0	16	0	0
erar	0	100	0	0	0	16	0	0
eras	0	100	0	0	0	16	0	0
erat	0	50	50	0	0	2	2	0
erba	0	73.68421053	26.31578947	0	0	14	5	0
erbe	0	100	0	0	0	7	0	0
erbi	0	25	75	0	0	1	3	0
erbo	0	100	0	0	0	13	0	0
erco	0	55	45	0	0	22	18	0
ereb	0	0	100	0	0	0	1	0
erec	0	100	0	0	0	3	0	0
ered	22.2972973	75.67567568	2.027027027	0	66	224	6	0
erem	0	50	50	0	0	9	9	0
eres	0	100	0	0	0	3	0	0
eret	0	76	24	0	0	19	6	0
erez	0	100	0	0	0	7	0	0
erga	0	21.27659574	78.72340426	0	0	10	37	0
erge	0	22.22222222	77.77777778	0	0	2	7	0
ergo	0	100	0	0	0	1	0	0
eric	0	0	100	0	0	0	6	0
erid	0	100	0	0	0	2	0	0
erig	0	75.75757576	24.24242424	0	0	25	8	0
erik	0	0	100	0	0	0	8	0
erin	0	100	0	0	0	2	0	0
erit	0	100	0	0	0	8	0	0
erma	0	100	0	0	0	15	0	0
erme	2.631578947	60.52631579	36.84210526	0	1	23	14	0
ermi	0	100	0	0	0	2	0	0
erne	0	100	0	0	0	67	0	0
erni	0	100	0	0	0	11	0	0
erod	0	20	80	0	0	3	12	0
erog	0	94.23076923	3.846153846	1.923076923	0	49	2	1
eroi	0	70.98765432	29.01234568	0	0	115	47	0
erom	0	100	0	0	0	1	0	0
eros	0	100	0	0	0	8	0	0
erot	0	30.21582734	69.78417266	0	0	42	97	0
erra	0	89.74358974	10.25641026	0	0	35	4	0
erri	0	100	0	0	0	1	0	0
erro	0	100	0	0	0	404	0	0
ersi	0	100	0	0	0	3	0	0
erud	0	100	0	0	0	12	0	0
erup	0	100	0	0	0	1	0	0
erut	0	100	0	0	0	7	0	0
eruz	0	100	0	0	0	28	0	0
erzi	0	100	0	0	0	1	0	0
esac	0	100	0	0	0	3	0	0
esag	0	86.30136986	8.904109589	4.794520548	0	126	13	7
esal	1.704545455	89.20454545	9.090909091	0	3	157	16	0
esam	1.848428835	94.82439926	2.772643253	0.554528651	10	513	15	3
esan	0	69.23076923	30.76923077	0	0	9	4	0
esas	1.136363636	93.18181818	5.681818182	0	1	82	5	0
esat	0	100	0	0	0	348	0	0
esau	1.793721973	96.86098655	1.34529148	0	4	216	3	0
esbo	0	100	0	0	0	6	0	0
esca	0	76.47058824	23.52941176	0	0	13	4	0
esch	0	66.66666667	33.33333333	0	0	2	1	0
esci	0	100	0	0	0	2	0	0
escl	9.821428571	81.36160714	8.816964286	0	88	729	79	0
esco	10.63829787	87.23404255	0	2.127659574	5	41	0	1
escr	0	100	0	0	0	14	0	0
escu	0	97.61904762	2.380952381	0	0	41	1	0
esec	0	98.86363636	1.136363636	0	0	261	3	0
esed	0	100	0	0	0	9	0	0
eseg	3.80952381	90.47619048	5.714285714	0	12	285	18	0
esem	0.081499593	99.83700081	0.081499593	0	2	2450	2	0
esen	1.886792453	98.11320755	0	0	1	52	0	0
eseq	0	100	0	0	0	5	0	0
eser	0.661157025	58.18181818	39.00826446	2.148760331	4	352	236	13
esfo	0	100	0	0	0	1	0	0
esib	3.629032258	84.27419355	12.09677419	0	9	209	30	0
esig	1.408450704	92.11267606	6.478873239	0	5	327	23	0
esil	0.840336134	68.06722689	31.09243697	0	1	81	37	0
esim	0	83.33333333	16.66666667	0	0	5	1	0
esin	0	100	0	0	0	2	0	0
esio	0	0	100	0	0	0	1	0
esis	0.466562986	73.4059098	26.12752722	0	6	944	336	0
esit	3.666666667	45	51.33333333	0	11	135	154	0
esiz	0	100	0	0	0	1	0	0
eski	0	0	100	0	0	0	8	0
esma	100	0	0	0	1	0	0	0
esob	0	0	100	0	0	0	1	0
esoc	0	0	100	0	0	0	1	0
esod	0	0	100	0	0	0	23	0
esof	0	100	0	0	0	1	0	0
esog	0	0	100	0	0	0	2	0
eson	0	65.38461538	34.61538462	0	0	17	9	0
esop	0	100	0	0	0	2	0	0
esor	5.574912892	90.94076655	3.484320557	0	16	261	10	0
esos	33.33333333	66.66666667	0	0	1	2	0	0
esot	0	15.87301587	84.12698413	0	0	10	53	0
espa	0	94.54545455	5.454545455	0	0	104	6	0
espe	0	99.3584603	0.641539695	0	0	1239	8	0
espi	1.886792453	86.79245283	11.32075472	0	1	46	6	0
espl	0.625	78.75	20.625	0	4	504	132	0
espo	0.494437577	94.19035847	5.315203956	0	4	762	43	0
espr	0.784313725	79.90196078	19.31372549	0	8	815	197	0
espu	0	100	0	0	0	64	0	0
esqu	0	100	0	0	0	6	0	0
essa	0	100	0	0	0	6	0	0
esse	0.018676316	66.23788958	33.68273608	0.060698027	8	28373	14428	26
essi	0	93.5483871	6.451612903	0	0	29	2	0
esta	0.16722408	94.14715719	5.685618729	0	1	563	34	0
este	0.229357798	51.52905199	48.24159021	0	3	674	631	0
esti	0	94.63601533	5.363984674	0	0	247	14	0
esto	0	81.48148148	18.51851852	0	0	66	15	0
estr	5.580865604	78.13211845	16.28701595	0	49	686	143	0
estu	0	100	0	0	0	1	0	0
esub	0	84.09090909	15.90909091	0	0	37	7	0
esul	0	52.83018868	47.16981132	0	0	28	25	0
esum	0	66.66666667	33.33333333	0	0	2	1	0
eter	12.65306122	64.89795918	22.44897959	0	31	159	55	0
etic	1.19047619	46.03174603	52.77777778	0	3	116	133	0
etil	0	20	80	0	0	1	4	0
etim	0	75	25	0	0	3	1	0
etio	0	40	60	0	0	4	6	0
etis	0	100	0	0	0	1	0	0
etne	0	100	0	0	0	5	0	0
etni	0	26.47058824	73.52941176	0	0	18	50	0
etno	0	57.14285714	42.85714286	0	0	4	3	0
etol	0	34.61538462	65.38461538	0	0	9	17	0
etre	0	100	0	0	0	1	0	0
etru	0	97.22222222	2.777777778	0	0	35	1	0
etta	0	0	100	0	0	0	35	0
etto	0	0	100	0	0	0	41	0
euca	0	42.85714286	57.14285714	0	0	3	4	0
eucl	0	100	0	0	0	3	0	0
eufe	0	100	0	0	0	9	0	0
eufo	0	74.41860465	25.58139535	0	0	32	11	0
eufr	0	100	0	0	0	1	0	0
euge	0	100	0	0	0	39	0	0
eugu	0	100	0	0	0	1	0	0
eume	0	0	100	0	0	0	2	0
eunu	0	100	0	0	0	1	0	0
eupo	0	100	0	0	0	6	0	0
eura	0	100	0	0	0	1	0	0
eurc	0	100	0	0	0	1	0	0
eure	0	0	100	0	0	0	3	0
euri	0	82.75862069	17.24137931	0	0	24	5	0
euro	0.121359223	99.51456311	0.36407767	0	2	1640	6	0
eusa	0	100	0	0	0	1	0	0
euse	0	100	0	0	0	8	0	0
eust	0	100	0	0	0	1	0	0
euta	0	100	0	0	0	14	0	0
euti	0	100	0	0	0	1	0	0
eutr	0	100	0	0	0	3	0	0
evac	0	100	0	0	0	29	0	0
evad	0	62.16216216	37.83783784	0	0	23	14	0
evan	0	67.85714286	32.14285714	0	0	38	18	0
evap	3.125	84.375	9.375	3.125	1	27	3	1
evas	1.162790698	98.8372093	0	0	1	85	0	0
evel	0	100	0	0	0	6	0	0
even	5.882352941	94.11764706	0	0	34	544	0	0
ever	0	70.58823529	29.41176471	0	0	24	10	0
evid	0.189035917	97.731569	2.079395085	0	1	517	11	0
evin	0	66.66666667	33.33333333	0	0	2	1	0
evir	25	75	0	0	1	3	0	0
evit	1.317523057	90.38208169	6.719367589	1.581027668	10	686	51	12
evoc	1.063829787	74.46808511	19.14893617	5.319148936	1	70	18	5
evol	0	89.91935484	10.08064516	0	0	223	25	0
evvi	0	100	0	0	0	20	0	0
excl	0	100	0	0	0	1	0	0
extr	1.176470588	88.82352941	10	0	2	151	17	0
ezec	0	100	0	0	0	6	0	0
fabb	0.787401575	52.49343832	45.66929134	1.049868766	3	200	174	4
fabe	0	100	0	0	0	3	0	0
fabi	0	96.12403101	3.875968992	0	0	124	5	0
fabr	0	100	0	0	0	86	0	0
fabu	0	0	100	0	0	0	6	0
facc	0	100	0	0	0	774	0	0
face	0	100	0	0	0	5	0	0
fach	0	100	0	0	0	9	0	0
faci	6.335797254	25.7655755	67.47624076	0.422386484	60	244	639	4
faco	80.74074074	19.25925926	0	0	109	26	0	0
facs	0	0	100	0	0	0	3	0
fact	0	100	0	0	0	5	0	0
faen	0	100	0	0	0	8	0	0
faet	0	100	0	0	0	2	0	0
fagg	0	100	0	0	0	13	0	0
fagi	0	100	0	0	0	38	0	0
fagl	0	100	0	0	0	3	0	0
fagn	0	100	0	0	0	5	0	0
fago	0	100	0	0	0	18	0	0
faid	0	100	0	0	0	9	0	0
fain	0	100	0	0	0	4	0	0
fala	0	93.75	6.25	0	0	15	1	0
falb	0	100	0	0	0	1	0	0
falc	0.456621005	99.543379	0	0	1	218	0	0
fald	0	100	0	0	0	19	0	0
fale	0	100	0	0	0	28	0	0
fall	2.689486553	95.35452323	1.95599022	0	11	390	8	0
falo	0	100	0	0	0	3	0	0
fals	3.908794788	94.78827362	0.977198697	0.325732899	12	291	3	1
falu	0	100	0	0	0	1	0	0
falv	0	100	0	0	0	1	0	0
fama	0	100	0	0	0	3	0	0
fame	0	0	100	0	0	0	9	0
fami	0.702702703	99.2972973	0	0	13	1837	0	0
famo	0	100	0	0	0	470	0	0
fana	3.50877193	52.63157895	43.85964912	0	2	30	25	0
fanc	0	100	0	0	0	91	0	0
fane	0	100	0	0	0	12	0	0
fanf	0	100	0	0	0	18	0	0
fang	0	100	0	0	0	73	0	0
fani	100	0	0	0	1	0	0	0
fann	0	100	0	0	0	19	0	0
fano	0	100	0	0	0	1	0	0
fant	0.449775112	76.76161919	22.63868066	0.149925037	3	512	151	1
fanz	0	100	0	0	0	1	0	0
fara	0	78.68852459	21.31147541	0	0	48	13	0
farb	0	100	0	0	0	1	0	0
farc	0	44.61538462	55.38461538	0	0	29	36	0
fard	0	100	0	0	0	11	0	0
fare	0	94.92545122	5.074548784	0	0	10887	582	0
farf	1.315789474	97.36842105	1.315789474	0	1	74	1	0
farg	0	100	0	0	0	2	0	0
fari	0	98.87640449	1.123595506	0	0	88	1	0
farl	0	96.42857143	3.571428571	0	0	27	1	0
farm	0	35.93220339	64.06779661	0	0	106	189	0
farn	0	100	0	0	0	45	0	0
farr	0	100	0	0	0	8	0	0
fars	0	96.42857143	3.571428571	0	0	27	1	0
faru	0	100	0	0	0	1	0	0
fasa	0	100	0	0	0	19	0	0
fasc	0.167504188	66.66666667	33.16582915	0	1	398	198	0
faso	0	50	50	0	0	1	1	0
fass	0	100	0	0	0	23	0	0
fast	0	100	0	0	0	166	0	0
fasu	0	100	0	0	0	24	0	0
fata	13.27433628	86.72566372	0	0	15	98	0	0
fate	20.51282051	79.48717949	0	0	8	31	0	0
fati	0.614754098	90.98360656	8.401639344	0	3	444	41	0
fatm	0	100	0	0	0	1	0	0
fatt	0.469728601	99.217119	0.313152401	0	9	1901	6	0
fatu	54.54545455	36.36363636	9.090909091	0	6	4	1	0
fauc	0	100	0	0	0	4	0	0
faun	0	88.23529412	11.76470588	0	0	30	4	0
faur	0	100	0	0	0	6	0	0
faus	0	100	0	0	0	49	0	0
faut	0	100	0	0	0	19	0	0
fava	0	100	0	0	0	11	0	0
fave	0	100	0	0	0	2	0	0
favi	0	100	0	0	0	6	0	0
favo	0.613496933	75.53680982	23.84969325	0	8	985	311	0
fazi	3.278688525	96.72131148	0	0	2	59	0	0
fazz	0	100	0	0	0	46	0	0
fe'r	0	0	100	0	0	0	2	0
febb	0	99.74025974	0.25974026	0	0	384	1	0
febe	0	100	0	0	0	1	0	0
febr	0	100	0	0	0	2	0	0
fecc	0	100	0	0	0	1	0	0
feco	15.38461538	80	4.615384615	0	10	52	3	0
fede	8.351409978	88.06941432	3.579175705	0	77	812	33	0
fedi	0	42.85714286	57.14285714	0	0	3	4	0
fedo	33.33333333	66.66666667	0	0	1	2	0	0
fedr	0	100	0	0	0	14	0	0
fedu	0	100	0	0	0	1	0	0
fega	0	0	100	0	0	0	58	0
felc	0	100	0	0	0	18	0	0
feli	22.99168975	75.76177285	1.246537396	0	166	547	9	0
fell	0	100	0	0	0	49	0	0
felp	0	100	0	0	0	22	0	0
fels	0	0	100	0	0	0	2	0
felt	0	100	0	0	0	30	0	0
felu	0	100	0	0	0	4	0	0
femi	0	100	0	0	0	1	0	0
femm	5.197132616	74.37275986	20.43010753	0	29	415	114	0
femo	0	28.57142857	71.42857143	0	0	4	10	0
fena	0	100	0	0	0	1	0	0
fend	2.941176471	91.17647059	5.882352941	0	1	31	2	0
fene	0	100	0	0	0	4	0	0
feni	0	91.30434783	8.695652174	0	0	21	2	0
feno	0	4.651162791	95.34883721	0	0	14	287	0
fenz	0	100	0	0	0	1	0	0
fera	0	0	100	0	0	0	1	0
ferc	0	100	0	0	0	2	0	0
ferd	0	100	0	0	0	44	0	0
fere	0	50	50	0	0	5	5	0
feri	0.18115942	97.64492754	2.173913043	0	1	539	12	0
ferl	11.76470588	88.23529412	0	0	2	15	0	0
ferm	6.078767123	88.35616438	5.565068493	0	71	1032	65	0
fern	1.960784314	98.03921569	0	0	1	50	0	0
fero	0	100	0	0	0	144	0	0
ferr	4.291044776	93.19029851	2.518656716	0	46	999	27	0
fert	27.45098039	25.49019608	47.05882353	0	14	13	24	0
feru	0	100	0	0	0	1	0	0
ferv	0	75.51020408	24.48979592	0	0	37	12	0
ferz	0	100	0	0	0	1	0	0
fesc	0	100	0	0	0	1	0	0
fess	0	97.43589744	2.564102564	0	0	38	1	0
fest	2.36013986	67.56993007	30.06993007	0	27	773	344	0
feta	0	100	0	0	0	3	0	0
fete	0	100	0	0	0	1	0	0
feti	0	93.75	6.25	0	0	15	1	0
feto	0	100	0	0	0	5	0	0
fett	0.680272109	99.31972789	0	0	1	146	0	0
feud	0	92	8	0	0	23	2	0
fiab	0	100	0	0	0	65	0	0
fiac	0	80	20	0	0	20	5	0
fial	0	100	0	0	0	8	0	0
fiam	0.423728814	94.91525424	4.661016949	0	1	224	11	0
fian	2.024291498	97.77327935	0.20242915	0	10	483	1	0
fias	0	100	0	0	0	24	0	0
fiat	0	100	0	0	0	133	0	0
fibb	0	100	0	0	0	5	0	0
fibi	0	100	0	0	0	1	0	0
fibo	0	100	0	0	0	2	0	0
fibr	0	95.94594595	4.054054054	0	0	71	3	0
fibu	0	0	100	0	0	0	2	0
fica	0	100	0	0	0	1	0	0
ficc	11.76470588	70.58823529	17.64705882	0	2	12	3	0
fich	0	100	0	0	0	10	0	0
fici	0	100	0	0	0	1	0	0
fico	0	100	0	0	0	8	0	0
ficu	0	100	0	0	0	8	0	0
fida	1.219512195	96.09756098	2.682926829	0	5	394	11	0
fide	71.42857143	28.57142857	0	0	30	12	0	0
fidi	0	100	0	0	0	6	0	0
fidu	0	100	0	0	0	397	0	0
fiel	0	100	0	0	0	8	0	0
fien	0	100	0	0	0	20	0	0
fier	0	97.63033175	2.369668246	0	0	206	5	0
fies	0	53.84615385	46.15384615	0	0	7	6	0
fiev	0	0	100	0	0	0	3	0
fifo	0	100	0	0	0	1	0	0
figa	10.34482759	0	89.65517241	0	3	0	26	0
figh	0	100	0	0	0	1	0	0
figi	0	100	0	0	0	9	0	0
figl	0.350416119	99.64958388	0	0	8	2275	0	0
figu	0.601202405	87.9759519	11.42284569	0	3	439	57	0
fila	4.90797546	73.00613497	22.08588957	0	8	119	36	0
file	0	88.88888889	11.11111111	0	0	40	5	0
fili	0	100	0	0	0	186	0	0
film	0	90.47619048	9.523809524	0	0	76	8	0
filo	0	55.94989562	44.05010438	0	0	268	211	0
filt	1.550387597	93.79844961	4.651162791	0	2	121	6	0
filu	0	100	0	0	0	2	0	0
filz	0	100	0	0	0	2	0	0
fimi	0	100	0	0	0	3	0	0
fina	1.275045537	97.95081967	0.774134791	0	28	2151	17	0
finc	99.28057554	0.71942446	0	0	276	2	0	0
find	0	100	0	0	0	2	0	0
fine	0.27700831	99.72299169	0	0	1	360	0	0
fing	1.204819277	63.85542169	34.93975904	0	1	53	29	0
fini	2.654109589	84.80308219	12.54280822	0	62	1981	293	0
finl	0	100	0	0	0	49	0	0
finm	0	0	100	0	0	0	9	0
fino	0	100	0	0	0	363	0	0
fint	0	100	0	0	0	176	0	0
finz	0	100	0	0	0	42	0	0
fioc	0	87.5	12.5	0	0	63	9	0
fiod	57.14285714	0	42.85714286	0	4	0	3	0
fion	0	100	0	0	0	7	0	0
fior	0.23364486	98.01401869	1.752336449	0	2	839	15	0
fios	0	100	0	0	0	1	0	0
fiot	0	100	0	0	0	1	0	0
fird	0	100	0	0	0	3	0	0
fire	0	100	0	0	0	239	0	0
firi	0	100	0	0	0	2	0	0
firm	1.832460733	95.81151832	2.356020942	0	14	732	18	0
fisa	0	11.76470588	88.23529412	0	0	2	15	0
fisc	1.149425287	97.47126437	1.379310345	0	5	424	6	0
fisi	0.342465753	15.4109589	84.24657534	0	2	90	492	0
fiso	0	100	0	0	0	1	0	0
fiss	5.844155844	89.77272727	4.383116883	0	36	553	27	0
fiti	0	100	0	0	0	1	0	0
fitn	0	100	0	0	0	7	0	0
fito	0	90.90909091	9.090909091	0	0	20	2	0
fitt	0	100	0	0	0	118	0	0
fitz	0	100	0	0	0	11	0	0
fiug	0	100	0	0	0	2	0	0
fium	0	100	0	0	0	355	0	0
fiut	0	95.65217391	4.347826087	0	0	44	2	0
flab	0	100	0	0	0	1	0	0
flac	0	79.16666667	20.83333333	0	0	19	5	0
flag	0	94.73684211	5.263157895	0	0	18	1	0
flai	0	100	0	0	0	2	0	0
flam	0	100	0	0	0	56	0	0
flan	0	100	0	0	0	3	0	0
flau	0	100	0	0	0	17	0	0
flav	1.818181818	98.18181818	0	0	1	54	0	0
fleb	0	52.17391304	47.82608696	0	0	12	11	0
fleg	0	100	0	0	0	4	0	0
flem	0	0	100	0	0	0	3	0
fles	24.13793103	42.24137931	33.62068966	0	28	49	39	0
flet	16.66666667	33.33333333	50	0	1	2	3	0
flip	0	100	0	0	0	13	0	0
flir	0	100	0	0	0	8	0	0
flor	0	55.55555556	44.44444444	0	0	65	52	0
flos	0	100	0	0	0	4	0	0
flot	0	100	0	0	0	41	0	0
flue	0	100	0	0	0	8	0	0
flui	13.04347826	80.43478261	6.52173913	0	6	37	3	0
flum	0	0	100	0	0	0	2	0
fluo	0	100	0	0	0	22	0	0
flus	0	100	0	0	0	71	0	0
flut	0	95.65217391	4.347826087	0	0	44	2	0
fluv	0	94.11764706	5.882352941	0	0	16	1	0
fobi	0	63.63636364	36.36363636	0	0	7	4	0
foca	6.666666667	93.33333333	0	0	2	28	0	0
foce	0	100	0	0	0	1	0	0
foch	0	100	0	0	0	5	0	0
foci	0	100	0	0	0	1	0	0
foco	0	100	0	0	0	34	0	0
focs	0	100	0	0	0	1	0	0
fode	0	44	56	0	0	11	14	0
foem	0	100	0	0	0	2	0	0
fofa	0	100	0	0	0	1	0	0
foga	0	100	0	0	0	3	0	0
fogg	0	100	0	0	0	98	0	0
fogl	0	100	0	0	0	360	0	0
fogn	0	100	0	0	0	33	0	0
fogo	0	0	100	0	0	0	1	0
fola	0	87.5	12.5	0	0	7	1	0
folc	0	61.53846154	38.46153846	0	0	8	5	0
fole	0	100	0	0	0	4	0	0
folg	0	65	35	0	0	26	14	0
foli	0	62.5	37.5	0	0	10	6	0
folk	0	85.71428571	14.28571429	0	0	6	1	0
foll	0	99.75786925	0.242130751	0	0	412	1	0
folt	0	100	0	0	0	39	0	0
fome	0	100	0	0	0	7	0	0
fomi	100	0	0	0	3	0	0	0
fona	0	100	0	0	0	1	0	0
fond	0.491290755	97.72219741	1.786511836	0	11	2188	40	0
fone	0	33.33333333	66.66666667	0	0	1	2	0
foni	0	0	100	0	0	0	2	0
fono	0	54.54545455	45.45454545	0	0	6	5	0
fons	0	100	0	0	0	27	0	0
font	3.307888041	96.69211196	0	0	13	380	0	0
fora	0	73.33333333	26.66666667	0	0	22	8	0
forb	0	26.66666667	73.33333333	0	0	8	22	0
forc	0	96.61016949	3.389830508	0	0	57	2	0
fore	0	100	0	0	0	184	0	0
forf	0	9.090909091	90.90909091	0	0	1	10	0
forg	0	100	0	0	0	24	0	0
fori	0	100	0	0	0	9	0	0
forl	16.89189189	79.72972973	3.378378378	0	25	118	5	0
form	1.105786952	82.89716181	15.99705123	0	30	2249	434	0
forn	0.95890411	92.73972603	6.301369863	0	7	677	46	0
foro	100	0	0	0	2	0	0	0
forr	0	100	0	0	0	8	0	0
fors	0	100	0	0	0	2166	0	0
fort	0	98.33512352	1.664876477	0	0	1831	31	0
foru	0	82.92682927	17.07317073	0	0	34	7	0
forz	0.059665871	99.88066826	0.059665871	0	1	1674	1	0
fosc	0	92.10526316	7.894736842	0	0	35	3	0
fosf	0	38.46153846	61.53846154	0	0	5	8	0
foss	0.869565217	78.26086957	20.86956522	0	1	90	24	0
fost	0	100	0	0	0	10	0	0
foti	0	100	0	0	0	1	0	0
foto	0.154320988	56.17283951	43.05555556	0.617283951	1	364	279	4
fott	0	50	50	0	0	3	3	0
frac	0	97.87234043	2.127659574	0	0	46	1	0
frad	0	0	100	0	0	0	13	0
frag	14.85148515	29.20792079	55.94059406	0	30	59	113	0
frai	0	73.07692308	26.92307692	0	0	19	7	0
fraj	0	100	0	0	0	5	0	0
fram	3.703703704	96.2962963	0	0	4	104	0	0
fran	1.827371695	97.66718507	0.505443235	0	47	2512	13	0
frap	28.57142857	42.85714286	28.57142857	0	2	3	2	0
fras	0	96.03174603	3.968253968	0	0	363	15	0
frat	1.264755481	98.73524452	0	0	15	1171	0	0
frau	0	100	0	0	0	8	0	0
fraz	0	98.38709677	1.612903226	0	0	61	1	0
frea	0	0	100	0	0	0	1	0
frec	0	100	0	0	0	62	0	0
fred	0	99.23518164	0.764818356	0	0	519	4	0
freg	0	83.47826087	13.04347826	3.47826087	0	96	15	4
frem	0	37.83783784	62.16216216	0	0	14	23	0
fren	2.53164557	82.27848101	15.18987342	0	6	195	36	0
freq	0.34904014	93.01919721	6.631762653	0	2	533	38	0
fres	0	100	0	0	0	276	0	0
fret	0	100	0	0	0	264	0	0
freu	0	100	0	0	0	46	0	0
fria	0	0	100	0	0	0	2	0
frib	0	100	0	0	0	1	0	0
fric	0	100	0	0	0	3	0	0
frig	1.075268817	35.48387097	63.44086022	0	1	33	59	0
frin	0	100	0	0	0	7	0	0
fris	27.27272727	72.72727273	0	0	3	8	0	0
frit	0	98.38709677	1.612903226	0	0	61	1	0
friu	0	100	0	0	0	41	0	0
friv	5	30	65	0	1	6	13	0
friz	0	98.50746269	1.492537313	0	0	66	1	0
froc	0	100	0	0	0	1	0	0
frod	0	100	0	0	0	16	0	0
frol	0	100	0	0	0	2	0	0
from	0	100	0	0	0	1	0	0
fron	0	99.40314704	0.596852957	0	0	1832	11	0
fros	0	84.61538462	15.38461538	0	0	11	2	0
frot	0	80	20	0	0	12	3	0
fruc	0	100	0	0	0	2	0	0
frug	16.32653061	79.59183673	4.081632653	0	8	39	2	0
frui	14.28571429	50	35.71428571	0	2	7	5	0
frul	0	87.17948718	12.82051282	0	0	34	5	0
frum	25	75	0	0	1	3	0	0
frus	0.934579439	97.19626168	1.869158879	0	1	104	2	0
frut	0.261780105	98.95287958	0.785340314	0	1	378	3	0
fubi	0	100	0	0	0	1	0	0
fucc	0	100	0	0	0	2	0	0
fuce	0	100	0	0	0	1	0	0
fuci	0	100	0	0	0	126	0	0
fuco	0	100	0	0	0	1	0	0
fucs	0	100	0	0	0	6	0	0
fucu	0	100	0	0	0	1	0	0
fuen	0	100	0	0	0	1	0	0
fuff	0	100	0	0	0	1	0	0
fuga	0	100	0	0	0	67	0	0
fugg	2.78551532	92.2005571	5.013927577	0	10	331	18	0
fugu	0	100	0	0	0	1	0	0
fuit	0	100	0	0	0	1	0	0
fulc	0	100	0	0	0	16	0	0
fulg	0	50	50	0	0	6	6	0
fuli	0	25	75	0	0	1	3	0
fulm	1.6	36	62.4	0	2	45	78	0
fulo	100	0	0	0	1	0	0	0
fulv	0	100	0	0	0	45	0	0
fuma	0.628930818	97.48427673	1.886792453	0	1	155	3	0
fume	0	100	0	0	0	49	0	0
fumi	0	100	0	0	0	8	0	0
fumo	0	73.68421053	26.31578947	0	0	14	5	0
fumu	0	100	0	0	0	9	0	0
funa	0	90.74074074	9.259259259	0	0	49	5	0
fund	0	100	0	0	0	3	0	0
fune	0	76.47058824	23.52941176	0	0	117	36	0
fung	0	82.08955224	17.91044776	0	0	55	12	0
funi	0	100	0	0	0	6	0	0
funz	3.666997027	93.06243806	3.270564916	0	37	939	33	0
fuoc	0	100	0	0	0	622	0	0
fuor	0.322580645	99.40860215	0.268817204	0	6	1849	5	0
fura	0	100	0	0	0	1	0	0
furb	0	100	0	0	0	87	0	0
fure	0	100	0	0	0	12	0	0
furf	0	100	0	0	0	7	0	0
furg	0	100	0	0	0	58	0	0
furi	0	100	0	0	0	200	0	0
furl	97.91666667	2.083333333	0	0	47	1	0	0
furm	0	100	0	0	0	1	0	0
furn	0	100	0	0	0	2	0	0
furo	18.42105263	78.94736842	2.631578947	0	7	30	1	0
furt	0	99.26470588	0.735294118	0	0	135	1	0
fusa	0	100	0	0	0	3	0	0
fusc	0	100	0	0	0	15	0	0
fuse	100	0	0	0	5	0	0	0
fusi	0	88	12	0	0	44	6	0
fust	0	100	0	0	0	22	0	0
futi	23.80952381	0	76.19047619	0	5	0	16	0
futo	0	100	0	0	0	1	0	0
futr	0	100	0	0	0	5	0	0
futu	0	98.73417722	1.265822785	0	0	858	11	0
fuxa	0	100	0	0	0	1	0	0
fuxi	0	100	0	0	0	1	0	0
ga'l	0	100	0	0	0	2	0	0
gaba	0	100	0	0	0	1	0	0
gabb	1.257861635	98.11320755	0.628930818	0	2	156	1	0
gabe	0	100	0	0	0	30	0	0
gabi	0	100	0	0	0	37	0	0
gabr	0	100	0	0	0	112	0	0
gadd	0	100	0	0	0	18	0	0
gado	0	100	0	0	0	2	0	0
gael	0	66.66666667	33.33333333	0	0	2	1	0
gaet	0	100	0	0	0	55	0	0
gaff	6.25	93.75	0	0	1	15	0	0
gagg	0	100	0	0	0	2	0	0
gagl	0	94.11764706	5.882352941	0	0	16	1	0
gagn	0	100	0	0	0	2	0	0
gaia	0	100	0	0	0	1	0	0
gaie	0	100	0	0	0	4	0	0
gaio	0	100	0	0	0	4	0	0
gakk	0	100	0	0	0	2	0	0
gala	0	87.20930233	12.79069767	0	0	75	11	0
galb	0	100	0	0	0	5	0	0
gald	0	100	0	0	0	1	0	0
gale	0	100	0	0	0	120	0	0
galg	0	100	0	0	0	6	0	0
gali	0	100	0	0	0	101	0	0
gall	1.325757576	97.15909091	1.515151515	0	7	513	8	0
galo	0	100	0	0	0	23	0	0
galu	0	100	0	0	0	2	0	0
galv	0	100	0	0	0	19	0	0
gamb	0.21691974	94.14316703	5.639913232	0	1	434	26	0
game	0	100	0	0	0	4	0	0
gami	0	100	0	0	0	9	0	0
gamm	1.666666667	98.33333333	0	0	1	59	0	0
gams	0	100	0	0	0	2	0	0
gana	0	100	0	0	0	6	0	0
ganc	0	100	0	0	0	14	0	0
gand	20	80	0	0	1	4	0	0
gang	1.492537313	91.04477612	7.462686567	0	1	61	5	0
ganz	0	100	0	0	0	1	0	0
gara	0.497512438	95.89552239	3.606965174	0	4	771	29	0
garb	6.25	92.1875	1.5625	0	4	59	1	0
gard	0	98.1981982	1.801801802	0	0	109	2	0
gare	9.375	87.5	3.125	0	3	28	1	0
garf	0	100	0	0	0	1	0	0
garg	0	83.33333333	16.66666667	0	0	20	4	0
gari	1.587301587	90.47619048	7.936507937	0	1	57	5	0
garl	0	100	0	0	0	4	0	0
garm	0	100	0	0	0	2	0	0
garn	100	0	0	0	1	0	0	0
garo	2.777777778	5.555555556	91.66666667	0	1	2	33	0
garr	57.14285714	38.0952381	4.761904762	0	24	16	2	0
gary	0	100	0	0	0	1	0	0
garz	0	100	0	0	0	36	0	0
gasa	0	66.66666667	33.33333333	0	0	2	1	0
gasb	0	100	0	0	0	1	0	0
gasc	0	0	100	0	0	0	1	0
gasd	50	50	0	0	2	2	0	0
gasi	0	100	0	0	0	2	0	0
gasl	0	100	0	0	0	2	0	0
gaso	0	100	0	0	0	19	0	0
gasp	0	34.64566929	65.35433071	0	0	44	83	0
gass	5.882352941	94.11764706	0	0	2	32	0	0
gast	7.8125	43.75	48.4375	0	5	28	31	0
gatt	0	100	0	0	0	265	0	0
gaud	0	100	0	0	0	24	0	0
gava	0	100	0	0	0	4	0	0
gave	0	100	0	0	0	12	0	0
gavi	16.66666667	83.33333333	0	0	2	10	0	0
gavo	0	100	0	0	0	1	0	0
gaze	0	100	0	0	0	18	0	0
gazz	0	100	0	0	0	86	0	0
ge'n	0	100	0	0	0	2	0	0
gede	0	100	0	0	0	1	0	0
gedi	100	0	0	0	1	0	0	0
gela	0	99.13793103	0.862068966	0	0	115	1	0
gele	0	100	0	0	0	1	0	0
geli	1.587301587	7.936507937	90.47619048	0	1	5	57	0
gell	0	100	0	0	0	24	0	0
gelm	0	100	0	0	0	4	0	0
gelo	0	100	0	0	0	129	0	0
gelp	0	100	0	0	0	1	0	0
gels	0	100	0	0	0	21	0	0
geme	0	94.16058394	5.839416058	0	0	129	8	0
gemi	0	3.448275862	96.55172414	0	0	1	28	0
gemm	0	100	0	0	0	30	0	0
gemo	0	100	0	0	0	2	0	0
gena	0	100	0	0	0	1	0	0
genc	0	100	0	0	0	5	0	0
gend	25	75	0	0	2	6	0	0
gene	2.052091555	59.82636148	37.84530387	0.276243094	52	1516	959	7
geng	0	100	0	0	0	15	0	0
geni	1.818181818	97.21212121	0.96969697	0	15	802	8	0
genn	0	100	0	0	0	433	0	0
geno	0	26.26262626	73.73737374	0	0	78	219	0
gent	0.66518847	98.30007391	1.03473762	0	9	1330	14	0
genu	2.702702703	62.16216216	35.13513514	0	1	23	13	0
genz	0	100	0	0	0	7	0	0
geoc	0	0	100	0	0	0	1	0
geod	0	11.11111111	88.88888889	0	0	1	8	0
geoe	0	0	100	0	0	0	1	0
geof	0	0	100	0	0	0	5	0
geog	0	39.7260274	60.2739726	0	0	29	44	0
geoi	0	100	0	0	0	4	0	0
geol	0	5.263157895	94.73684211	0	0	1	18	0
geom	0	31.03448276	68.96551724	0	0	18	40	0
geop	0	0	100	0	0	0	8	0
geor	0	75	25	0	0	33	11	0
geos	0	100	0	0	0	1	0	0
geot	0	100	0	0	0	1	0	0
geov	0	0	100	0	0	0	1	0
gepp	0	100	0	0	0	8	0	0
gera	10	81.66666667	8.333333333	0	12	98	10	0
gerb	0	50	50	0	0	1	1	0
gerd	0	100	0	0	0	29	0	0
gere	0	100	0	0	0	22	0	0
gerg	0	100	0	0	0	33	0	0
geri	0	25	75	0	0	9	27	0
germ	0.20661157	96.48760331	3.305785124	0	1	467	16	0
gero	5.555555556	11.11111111	83.33333333	0	2	4	30	0
gerr	0	100	0	0	0	3	0	0
gert	0	100	0	0	0	3	0	0
geru	0	100	0	0	0	75	0	0
gerv	0	100	0	0	0	1	0	0
gess	0	100	0	0	0	34	0	0
gest	1.26984127	97.03703704	1.587301587	0.105820106	12	917	15	1
gesu	0	96.42857143	3.571428571	0	0	27	1	0
gets	0	100	0	0	0	1	0	0
gett	8.728179551	81.54613466	9.725685786	0	35	327	39	0
ghan	0	100	0	0	0	3	0	0
ghed	0	100	0	0	0	34	0	0
gher	0	100	0	0	0	37	0	0
ghet	0	100	0	0	0	55	0	0
ghez	0	100	0	0	0	9	0	0
ghia	0	93.71428571	6.285714286	0	0	164	11	0
ghib	0	100	0	0	0	7	0	0
ghid	0	100	0	0	0	6	0	0
ghie	0	100	0	0	0	1	0	0
ghig	8	92	0	0	2	23	0	0
ghil	0	100	0	0	0	10	0	0
ghin	0	80	20	0	0	4	1	0
ghio	0	100	0	0	0	29	0	0
ghir	0	100	0	0	0	36	0	0
ghis	0	100	0	0	0	18	0	0
ghit	0	100	0	0	0	1	0	0
ghiu	0	100	0	0	0	1	0	0
ghiz	0	100	0	0	0	1	0	0
giac	6.650831354	64.13301663	29.21615202	0	28	270	123	0
giad	0	100	0	0	0	9	0	0
giaf	0	100	0	0	0	1	0	0
giag	0	100	0	0	0	3	0	0
giak	0	100	0	0	0	1	0	0
gial	0.963855422	99.03614458	0	0	4	411	0	0
giam	0	65.68627451	34.31372549	0	0	67	35	0
gian	0	98.13953488	1.860465116	0	0	633	12	0
giap	0.501253133	99.49874687	0	0	2	397	0	0
giar	0	100	0	0	0	370	0	0
gias	0	100	0	0	0	3	0	0
giav	0	100	0	0	0	10	0	0
gibb	0	100	0	0	0	2	0	0
gibe	0	100	0	0	0	9	0	0
gibi	0	100	0	0	0	7	0	0
gibo	33.33333333	66.66666667	0	0	1	2	0	0
gibu	0	100	0	0	0	2	0	0
giff	0	100	0	0	0	8	0	0
giga	0	100	0	0	0	219	0	0
gigi	0	100	0	0	0	6	0	0
gigl	0	100	0	0	0	31	0	0
gigo	100	0	0	0	5	0	0	0
gila	0	100	0	0	0	4	0	0
gilb	0	100	0	0	0	12	0	0
gild	0	100	0	0	0	16	0	0
gile	55.26315789	44.73684211	0	0	21	17	0	0
gili	0	100	0	0	0	2	0	0
gill	0	100	0	0	0	19	0	0
gimc	0	100	0	0	0	1	0	0
gimi	0	100	0	0	0	1	0	0
gimk	0	100	0	0	0	2	0	0
gimm	0	100	0	0	0	2	0	0
gimo	0	100	0	0	0	2	0	0
gina	0	100	0	0	0	2	0	0
gine	1.587301587	69.04761905	29.36507937	0	2	87	37	0
ging	0	83.33333333	16.66666667	0	0	5	1	0
ginn	0	15.49295775	84.50704225	0	0	11	60	0
gino	0	100	0	0	0	137	0	0
gins	100	0	0	0	3	0	0	0
gioa	0	100	0	0	0	16	0	0
giob	0	100	0	0	0	13	0	0
gioc	1.632498102	92.17919514	6.188306758	0	43	2428	163	0
giog	0	100	0	0	0	7	0	0
gioi	0	99.79209979	0.207900208	0	0	480	1	0
giol	0	100	0	0	0	12	0	0
giom	0	100	0	0	0	2	0	0
gior	0	99.56756757	0.432432432	0	0	6447	28	0
gios	14.28571429	83.33333333	2.380952381	0	6	35	1	0
giot	0	100	0	0	0	22	0	0
giov	9.282178218	36.50990099	54.20792079	0	300	1180	1752	0
gira	1.621621622	84.32432432	14.05405405	0	9	468	78	0
gire	0	20	80	0	0	2	8	0
girg	0	100	0	0	0	2	0	0
giri	0	60	40	0	0	3	2	0
giro	0	77.27272727	21.59090909	1.136363636	0	68	19	1
gisc	0	100	0	0	0	2	0	0
gise	0	85.71428571	14.28571429	0	0	6	1	0
giss	0	66.66666667	33.33333333	0	0	2	1	0
gita	0	100	0	0	0	16	0	0
gitt	0	100	0	0	0	15	0	0
giub	0	96.51162791	3.488372093	0	0	83	3	0
giud	0.283929585	53.94662124	45.03123225	0.738216922	5	950	793	13
giuf	100	0	0	0	5	0	0	0
giug	0	99.78165939	0.218340611	0	0	457	1	0
giul	0	100	0	0	0	476	0	0
giun	0.307062436	89.45752303	10.23541453	0	3	874	100	0
giuo	0	93.33333333	6.666666667	0	0	14	1	0
giur	1.481481481	72.34567901	26.17283951	0	6	293	106	0
gius	0.157563025	97.42647059	2.048319328	0.367647059	3	1855	39	7
givo	0	100	0	0	0	1	0	0
gizz	0	100	0	0	0	2	0	0
glab	0	100	0	0	0	4	0	0
glac	17.64705882	82.35294118	0	0	3	14	0	0
glad	0	92	8	0	0	23	2	0
glas	0	100	0	0	0	8	0	0
glau	0	100	0	0	0	12	0	0
glav	100	0	0	0	2	0	0	0
gleb	0	100	0	0	0	1	0	0
glen	0	100	0	0	0	1	0	0
glic	0	63.15789474	36.84210526	0	0	12	7	0
glip	0	100	0	0	0	1	0	0
glis	0	100	0	0	0	10	0	0
glob	0.892857143	93.75	5.357142857	0	1	105	6	0
glor	1.785714286	98.21428571	0	0	3	165	0	0
glos	0	100	0	0	0	6	0	0
glot	0	0	100	0	0	0	1	0
gluc	0	100	0	0	0	10	0	0
glut	0	20	80	0	0	3	12	0
gnoc	0	100	0	0	0	24	0	0
gnom	0	100	0	0	0	1	0	0
gnos	0	33.33333333	66.66666667	0	0	1	2	0
gnut	0	100	0	0	0	28	0	0
goba	100	0	0	0	1	0	0	0
gobb	0	100	0	0	0	8	0	0
gobe	0	100	0	0	0	5	0	0
gocc	0	99	1	0	0	99	1	0
gode	1.52284264	79.18781726	19.2893401	0	3	156	38	0
godi	0	83.33333333	16.66666667	0	0	25	5	0
goff	0	91.17647059	8.823529412	0	0	31	3	0
gogg	0	100	0	0	0	3	0	0
gogl	0	100	0	0	0	1	0	0
gogn	0	100	0	0	0	9	0	0
gogo	100	0	0	0	2	0	0	0
goin	0	100	0	0	0	2	0	0
goit	0	100	0	0	0	4	0	0
gola	66.66666667	33.33333333	0	0	4	2	0	0
gold	0	100	0	0	0	51	0	0
gole	42.85714286	57.14285714	0	0	6	8	0	0
golf	0	98.96907216	1.030927835	0	0	96	1	0
golg	0	0	100	0	0	0	4	0
goli	0	58.62068966	41.37931034	0	0	17	12	0
goll	0	100	0	0	0	4	0	0
golo	4.166666667	95.83333333	0	0	1	23	0	0
golp	0	100	0	0	0	52	0	0
gomi	0	3.03030303	96.96969697	0	0	2	64	0
gomm	0	99.11504425	0.884955752	0	0	112	1	0
gomo	0	100	0	0	0	4	0	0
gona	0	50	50	0	0	2	2	0
gond	0	20	80	0	0	2	8	0
gonf	0	84.82758621	15.17241379	0	0	123	22	0
gong	0	33.33333333	66.66666667	0	0	4	8	0
gonn	0	100	0	0	0	92	0	0
gonz	0	100	0	0	0	13	0	0
gora	66.66666667	33.33333333	0	0	4	2	0	0
gorb	0	6.944444444	93.05555556	0	0	5	67	0
gord	0	100	0	0	0	2	0	0
gorg	0	100	0	0	0	24	0	0
gori	0	100	0	0	0	57	0	0
gork	0	100	0	0	0	1	0	0
gorr	0	100	0	0	0	2	0	0
gort	0	100	0	0	0	2	0	0
gose	0	100	0	0	0	1	0	0
gosi	100	0	0	0	1	0	0	0
goso	100	0	0	0	1	0	0	0
gosp	0	100	0	0	0	5	0	0
gota	0	100	0	0	0	12	0	0
goth	0	100	0	0	0	8	0	0
goti	0	0	100	0	0	0	26	0
gott	0	100	0	0	0	31	0	0
gove	0.853413655	98.24297189	0.903614458	0	17	1957	18	0
govi	0	100	0	0	0	14	0	0
gozz	0	70.58823529	29.41176471	0	0	12	5	0
graa	0	100	0	0	0	8	0	0
grab	0	100	0	0	0	1	0	0
grac	30	65	5	0	6	13	1	0
grad	0.438871473	96.36363636	3.197492163	0	7	1537	51	0
graf	0.793650794	51.58730159	47.61904762	0	1	65	60	0
grag	0	100	0	0	0	3	0	0
gram	0	84.15300546	15.84699454	0	0	154	29	0
gran	0.774360077	98.58033986	0.645300065	0	36	4583	30	0
grap	0	76.47058824	23.52941176	0	0	26	8	0
gras	0	100	0	0	0	205	0	0
grat	2.689486553	71.88264059	25.42787286	0	11	294	104	0
grav	8.564231738	88.03526448	2.392947103	1.007556675	68	699	19	8
graz	0.063371356	99.87325729	0.063371356	0	1	1576	1	0
grec	0	99.63235294	0.367647059	0	0	271	1	0
greg	0	100	0	0	0	239	0	0
grem	0	100	0	0	0	53	0	0
gren	100	0	0	0	2	0	0	0
grep	0	100	0	0	0	9	0	0
gres	0	100	0	0	0	3	0	0
gret	5.084745763	94.91525424	0	0	3	56	0	0
grev	7.142857143	92.85714286	0	0	1	13	0	0
grez	0	100	0	0	0	14	0	0
grib	0	100	0	0	0	1	0	0
grid	13.82765531	78.75751503	7.414829659	0	69	393	37	0
grie	0	100	0	0	0	1	0	0
grif	0	100	0	0	0	22	0	0
grig	0	100	0	0	0	249	0	0
gril	3.448275862	96.55172414	0	0	2	56	0	0
grim	16.12903226	83.87096774	0	0	5	26	0	0
grin	0	100	0	0	0	73	0	0
grip	0	100	0	0	0	1	0	0
gris	0	100	0	0	0	24	0	0
griv	0	100	0	0	0	1	0	0
griz	0	100	0	0	0	1	0	0
groe	0	100	0	0	0	7	0	0
grol	0	100	0	0	0	6	0	0
gron	0	94.11764706	5.882352941	0	0	16	1	0
grop	0	100	0	0	0	33	0	0
gros	0.172711572	99.82728843	0	0	1	578	0	0
grot	0	100	0	0	0	115	0	0
grov	0	100	0	0	0	21	0	0
grub	0	100	0	0	0	6	0	0
gruc	0	100	0	0	0	3	0	0
grug	5.263157895	94.73684211	0	0	2	36	0	0
grul	0	100	0	0	0	1	0	0
grum	0	100	0	0	0	12	0	0
grup	0	99.84996249	0.150037509	0	0	1331	2	0
grus	0	100	0	0	0	1	0	0
gruz	0	0	100	0	0	0	5	0
guad	1.041666667	92.44791667	6.510416667	0	4	355	25	0
guai	0	97.87234043	2.127659574	0	0	46	1	0
gual	0	100	0	0	0	30	0	0
guan	0	100	0	0	0	108	0	0
guap	0	100	0	0	0	6	0	0
guar	8.996851102	83.13090418	7.872244714	0	200	1848	175	0
guas	0.970873786	97.08737864	1.941747573	0	1	100	2	0
guat	0	100	0	0	0	10	0	0
guaz	33.33333333	66.66666667	0	0	1	2	0	0
gubb	0	100	0	0	0	7	0	0
gube	0	100	0	0	0	3	0	0
gubi	0	100	0	0	0	1	0	0
gucc	0	100	0	0	0	21	0	0
gudo	0	100	0	0	0	1	0	0
guen	0	100	0	0	0	2	0	0
guer	0.169635284	99.83036472	0	0	2	1177	0	0
guev	0	100	0	0	0	6	0	0
gugl	0	100	0	0	0	69	0	0
guic	0	100	0	0	0	3	0	0
guid	0.839552239	97.29477612	1.865671642	0	9	1043	20	0
guin	0	100	0	0	0	29	0	0
guir	0	100	0	0	0	3	0	0
guis	0	100	0	0	0	5	0	0
guit	0	100	0	0	0	1	0	0
guiz	0	96.66666667	3.333333333	0	0	29	1	0
gula	0	100	0	0	0	9	0	0
gull	96.93877551	3.06122449	0	0	95	3	0	0
gund	0	100	0	0	0	1	0	0
gunn	0	100	0	0	0	2	0	0
gurg	0	0	100	0	0	0	1	0
gusc	0	100	0	0	0	17	0	0
guss	0	100	0	0	0	1	0	0
gust	2.97029703	96.03960396	0.99009901	0	12	388	4	0
gutt	0	100	0	0	0	11	0	0
guzz	0	100	0	0	0	32	0	0
habi	0	0	100	0	0	0	26	0
haga	100	0	0	0	1	0	0	0
hait	0	100	0	0	0	12	0	0
hamb	0	100	0	0	0	13	0	0
hamm	100	0	0	0	10	0	0	0
hand	0	100	0	0	0	33	0	0
hann	0	100	0	0	0	1	0	0
hass	100	0	0	0	8	0	0	0
hava	0	100	0	0	0	2	0	0
hege	0	100	0	0	0	3	0	0
hele	0	100	0	0	0	8	0	0
hels	0	0	100	0	0	0	13	0
hend	0	0	100	0	0	0	1	0
henn	50	50	0	0	5	5	0	0
henr	100	0	0	0	17	0	0	0
hera	0	0	100	0	0	0	2	0
herc	0	0	100	0	0	0	1	0
herp	0	100	0	0	0	1	0	0
hilt	0	100	0	0	0	23	0	0
hima	0	100	0	0	0	8	0	0
hipp	0	100	0	0	0	10	0	0
hiro	0	100	0	0	0	6	0	0
hitl	0	100	0	0	0	85	0	0
hobb	0	97.72727273	2.272727273	0	0	43	1	0
homu	0	0	100	0	0	0	1	0
hond	0	100	0	0	0	25	0	0
hono	0	100	0	0	0	12	0	0
horr	0	100	0	0	0	5	0	0
hort	0	100	0	0	0	1	0	0
horu	0	100	0	0	0	1	0	0
hosp	0	0	100	0	0	0	32	0
host	0	100	0	0	0	13	0	0
humu	0	100	0	0	0	8	0	0
huss	0	100	0	0	0	66	0	0
iach	0	100	0	0	0	6	0	0
iaco	0	95.65217391	4.347826087	0	0	22	1	0
iann	30	70	0	0	3	7	0	0
iapi	0	100	0	0	0	3	0	0
iasi	0	100	0	0	0	1	0	0
iaso	100	0	0	0	1	0	0	0
iatt	0	100	0	0	0	5	0	0
iber	0	38.0952381	61.9047619	0	0	8	13	0
ibis	0	100	0	0	0	10	0	0
ibiz	0	100	0	0	0	10	0	0
ible	0	100	0	0	0	1	0	0
ibri	0	0	100	0	0	0	16	0
ibse	0	100	0	0	0	4	0	0
icar	0	100	0	0	0	2	0	0
icch	100	0	0	0	2	0	0	0
icon	0	85.18518519	14.81481481	0	0	23	4	0
ictu	0	100	0	0	0	14	0	0
idah	0	100	0	0	0	6	0	0
idal	0	100	0	0	0	2	0	0
iddi	0	100	0	0	0	10	0	0
idea	0.917431193	98.85321101	0.229357798	0	4	431	1	0
idei	100	0	0	0	1	0	0	0
iden	45.24647887	30.45774648	22.88732394	1.408450704	257	173	130	8
ideo	1.242236025	52.79503106	45.96273292	0	2	85	74	0
idil	0	50	50	0	0	12	12	0
idin	0	100	0	0	0	1	0	0
idio	0	98.18181818	1.818181818	0	0	54	1	0
idol	0	17.0212766	82.9787234	0	0	8	39	0
idon	20.45454545	0	79.54545455	0	9	0	35	0
idra	0	56.92307692	43.07692308	0	0	37	28	0
idri	4.166666667	8.333333333	87.5	0	1	2	21	0
idro	0	48.7804878	51.2195122	0	0	40	42	0
iduz	0	100	0	0	0	1	0	0
iela	0	100	0	0	0	2	0	0
iell	0	100	0	0	0	3	0	0
iera	0	0	100	0	0	0	1	0
iers	0	100	0	0	0	1	0	0
ierv	0	100	0	0	0	1	0	0
iess	0	100	0	0	0	1	0	0
iett	0	100	0	0	0	4	0	0
ifig	0	100	0	0	0	1	0	0
igie	0	54.76190476	45.23809524	0	0	46	38	0
igin	0	100	0	0	0	3	0	0
igit	0	0	100	0	0	0	2	0
igle	0	100	0	0	0	3	0	0
igna	0	100	0	0	0	69	0	0
igni	0	100	0	0	0	3	0	0
igno	1.823708207	88.44984802	9.726443769	0	6	291	32	0
ignu	0	100	0	0	0	5	0	0
igro	0	0	100	0	0	0	1	0
igua	0	100	0	0	0	4	0	0
ikeb	0	100	0	0	0	1	0	0
iked	0	100	0	0	0	1	0	0
il m	0	100	0	0	0	1	0	0
il p	0	0	100	0	0	0	1	0
il q	0	100	0	0	0	4	0	0
ilar	8.695652174	73.91304348	17.39130435	0	2	17	4	0
ilea	0	100	0	0	0	2	0	0
ilia	0	12.5	87.5	0	0	1	7	0
illa	0	100	0	0	0	16	0	0
ille	11.58536585	36.58536585	51.82926829	0	19	60	85	0
illi	8.571428571	91.42857143	0	0	3	32	0	0
illo	0	0	100	0	0	0	4	0
illu	2.257636122	85.79017264	10.62416999	1.328021248	17	646	80	10
iloc	0	100	0	0	0	1	0	0
ilon	0	100	0	0	0	13	0	0
imag	0	100	0	0	0	2	0	0
imba	1.684210526	90.31578947	8	0	8	429	38	0
imbe	5.797101449	89.85507246	4.347826087	0	4	62	3	0
imbi	0	100	0	0	0	10	0	0
imbl	0	100	0	0	0	2	0	0
imbo	2.777777778	93.88888889	3.333333333	0	5	169	6	0
imbr	1.587301587	96.82539683	1.587301587	0	2	122	2	0
imbu	0	100	0	0	0	26	0	0
imel	0	100	0	0	0	4	0	0
imen	0	33.33333333	66.66666667	0	0	1	2	0
imer	0	100	0	0	0	5	0	0
imit	0.840336134	81.51260504	10.92436975	6.722689076	1	97	13	8
imma	0.397350993	36.1589404	63.17880795	0.264900662	6	546	954	4
imme	1.045751634	93.59477124	5.22875817	0.130718954	8	716	40	1
immi	0	100	0	0	0	229	0	0
immo	4.347826087	64.73429952	30.9178744	0	18	268	128	0
immu	21.64179104	62.68656716	15.67164179	0	29	84	21	0
imof	100	0	0	0	2	0	0	0
imol	0	0	100	0	0	0	28	0
impa	2.636203866	88.48857645	8.787346221	0.087873462	30	1007	100	1
impe	1.766304348	86.82065217	11.41304348	0	39	1917	252	0
impi	0.465116279	96.97674419	2.558139535	0	4	834	22	0
impl	2.551020408	49.48979592	44.3877551	3.571428571	5	97	87	7
impo	2.01691607	83.70201692	14.28106701	0	62	2573	439	0
impr	1.35501355	89.61156278	9.033423668	0	30	1984	200	0
impu	8.353808354	83.53808354	7.616707617	0.491400491	34	340	31	2
inab	14.28571429	35.71428571	50	0	2	5	7	0
inac	1.612903226	4.838709677	93.5483871	0	1	3	58	0
inad	0	100	0	0	0	83	0	0
inaf	14.28571429	0	85.71428571	0	2	0	12	0
inag	66.66666667	0	33.33333333	0	2	0	1	0
inal	2.564102564	58.97435897	38.46153846	0	1	23	15	0
inam	9.677419355	22.58064516	67.74193548	0	3	7	21	0
inan	6.666666667	86.66666667	6.666666667	0	1	13	1	0
inap	0	55.55555556	44.44444444	0	0	10	8	0
inar	11.76470588	27.45098039	60.78431373	0	6	14	31	0
inas	0	100	0	0	0	85	0	0
inat	11.68831169	74.02597403	14.28571429	0	9	57	11	0
inau	3.240740741	86.11111111	10.18518519	0.462962963	7	186	22	1
inav	0	42.85714286	57.14285714	0	0	6	8	0
inaz	0	100	0	0	0	1	0	0
inbe	100	0	0	0	1	0	0	0
inbo	0	100	0	0	0	1	0	0
inca	5.684547638	73.73899119	20.57646117	0	71	921	257	0
ince	0.904159132	96.74502712	2.350813743	0	5	535	13	0
inch	1.356589147	97.48062016	1.162790698	0	7	503	6	0
inci	1.508916324	92.86694102	5.624142661	0	11	677	41	0
incl	1.724137931	87.93103448	10.34482759	0	3	153	18	0
inco	3.754266212	81.4334471	14.778157	0.034129693	110	2386	433	1
incr	2.777777778	54.9382716	42.28395062	0	18	356	274	0
incu	0.970873786	43.0420712	55.98705502	0	3	133	173	0
inda	0.128369705	28.11296534	71.75866496	0	1	219	559	0
inde	8.439897698	70.84398977	20.20460358	0.511508951	33	277	79	2
indi	1.610262009	75.54585153	22.62554585	0.218340611	59	2768	829	8
indo	2.892561983	86.98347107	10.12396694	0	14	421	49	0
indr	0	100	0	0	0	16	0	0
indu	11.19162641	86.47342995	2.334943639	0	139	1074	29	0
ineb	0	89.28571429	10.71428571	0	0	25	3	0
inec	0	0	100	0	0	0	10	0
ined	0	0	100	0	0	0	111	0
inef	0	70.37037037	29.62962963	0	0	38	16	0
ineg	0	33.33333333	66.66666667	0	0	3	6	0
inel	21.875	9.375	68.75	0	7	3	22	0
inem	100	0	0	0	1	0	0	0
inen	0	0	100	0	0	0	2	0
ineq	0	13.33333333	86.66666667	0	0	4	26	0
iner	0	95.3125	4.6875	0	0	61	3	0
ines	0	61.04651163	38.95348837	0	0	105	67	0
inet	0	100	0	0	0	4	0	0
inev	1.052631579	25.26315789	73.68421053	0	2	48	140	0
inez	0	100	0	0	0	5	0	0
infa	0.530973451	96.63716814	2.831858407	0	6	1092	32	0
infe	7.086614173	90.6824147	2.230971129	0	54	691	17	0
infi	4.003481288	91.55787641	4.177545692	0.261096606	46	1052	48	3
infl	1.096491228	84.21052632	14.69298246	0	5	384	67	0
info	1.146131805	90.63992359	8.213944604	0	12	949	86	0
infr	0	93.33333333	6.666666667	0	0	126	9	0
infu	6.25	83.75	10	0	5	67	8	0
inga	0	92.78350515	7.216494845	0	0	180	14	0
inge	17.15116279	81.39534884	1.453488372	0	59	280	5	0
ingh	1.038062284	98.96193772	0	0	3	286	0	0
ingi	4.255319149	92.76595745	2.978723404	0	10	218	7	0
ingl	0.164203612	99.67159278	0.164203612	0	1	607	1	0
ingo	4.137931034	79.31034483	16.55172414	0	6	115	24	0
ingr	0.175746924	98.41827768	1.405975395	0	1	560	8	0
ingu	2.777777778	58.33333333	38.88888889	0	1	21	14	0
inib	0	100	0	0	0	27	0	0
inic	0	100	0	0	0	1	0	0
inid	33.33333333	0	66.66666667	0	2	0	4	0
inie	0	98.11320755	1.886792453	0	0	52	1	0
inim	0	34.48275862	65.51724138	0	0	10	19	0
inin	2.857142857	91.42857143	5.714285714	0	1	32	2	0
inip	0	0	100	0	0	0	1	0
iniq	16.66666667	83.33333333	0	0	2	10	0	0
init	0	100	0	0	0	1	0	0
iniz	2.387511478	95.17906336	2.433425161	0	52	2073	53	0
inna	1.576182137	96.49737303	1.926444834	0	9	551	11	0
inne	2.116402116	84.65608466	13.22751323	0	4	160	25	0
inno	0.523560209	87.69633508	11.78010471	0	2	335	45	0
innu	0	0	100	0	0	0	66	0
inoc	0	100	0	0	0	3	0	0
inod	0	100	0	0	0	6	0	0
inof	0	100	0	0	0	7	0	0
inol	0.376647834	99.24670433	0.376647834	0	2	527	2	0
inon	2.941176471	94.11764706	2.941176471	0	1	32	1	0
inop	6.896551724	75.86206897	17.24137931	0	2	22	5	0
inor	0	81.48148148	18.51851852	0	0	22	5	0
inos	0	84.21052632	15.78947368	0	0	32	6	0
inqu	0	93.05389222	6.946107784	0	0	777	58	0
insa	1.234567901	83.95061728	14.19753086	0.617283951	2	136	23	1
insc	9.090909091	54.54545455	36.36363636	0	2	12	8	0
inse	2.265372168	90.1618123	7.572815534	0	35	1393	117	0
insi	0.472711646	95.57370004	3.695745595	0.257842716	11	2224	86	6
inso	0.084388186	76.70886076	23.20675105	0	1	909	275	0
insp	6.349206349	42.85714286	50.79365079	0	4	27	32	0
inst	11.98347107	67.3553719	20.66115702	0	29	163	50	0
insu	0.4	95.2	4.4	0	1	238	11	0
inta	0.264550265	99.47089947	0.264550265	0	2	752	2	0
inte	1.554990105	92.10253511	6.125718594	0.216756196	165	9773	650	23
inti	8.134920635	59.72222222	32.14285714	0	41	301	162	0
into	0.16286645	95.35830619	4.397394137	0.081433225	2	1171	54	1
intr	0.660377358	84.1509434	15.09433962	0.094339623	7	892	160	1
intu	4.102564103	82.56410256	13.33333333	0	8	161	26	0
inum	10	90	0	0	1	9	0	0
inur	0	100	0	0	0	1	0	0
inus	0	100	0	0	0	19	0	0
inut	1.671309192	14.20612813	84.12256267	0	6	51	302	0
inva	3.537735849	80.66037736	15.80188679	0	15	342	67	0
inve	0.357701766	98.32327297	1.319025263	0	16	4398	59	0
invi	3.727506427	85.02570694	11.24678663	0	58	1323	175	0
invo	0.476190476	83.33333333	16.19047619	0	1	175	34	0
invu	0	0	100	0	0	0	7	0
inza	0	100	0	0	0	3	0	0
inze	0	0	100	0	0	0	1	0
inzu	0	93.33333333	6.666666667	0	0	14	1	0
io'n	0	0	100	0	0	0	2	0
ioda	0	100	0	0	0	1	0	0
iodi	0	100	0	0	0	3	0	0
iola	0	100	0	0	0	9	0	0
ione	0	100	0	0	0	3	0	0
ioni	0	46.15384615	53.84615385	0	0	6	7	0
iono	0	0	100	0	0	0	1	0
iont	0	100	0	0	0	4	0	0
iori	0	100	0	0	0	2	0	0
iott	0	100	0	0	0	27	0	0
ipan	0	100	0	0	0	5	0	0
iper	6.329113924	69.62025316	24.05063291	0	5	55	19	0
ipno	0	77.08333333	22.91666667	0	0	37	11	0
ipoa	0	100	0	0	0	2	0	0
ipoc	0	47.36842105	52.63157895	0	0	27	30	0
ipof	0	0	100	0	0	0	1	0
ipog	0	100	0	0	0	6	0	0
ipom	0	100	0	0	0	1	0	0
ipos	0	100	0	0	0	1	0	0
ipot	0.164744646	20.42833608	79.40691928	0	1	124	482	0
ippa	0	100	0	0	0	3	0	0
ippi	0	6.666666667	93.33333333	0	0	1	14	0
ippo	0	15.2173913	84.7826087	0	0	7	39	0
irac	0	100	0	0	0	58	0	0
irak	25	75	0	0	1	3	0	0
iran	0	96.55172414	3.448275862	0	0	28	1	0
iras	25	0	75	0	2	0	6	0
irat	0	100	0	0	0	2	0	0
iren	0	100	0	0	0	64	0	0
irid	0	91.22807018	8.771929825	0	0	52	5	0
irin	0	100	0	0	0	1	0	0
irla	0	100	0	0	0	103	0	0
iroc	0	100	0	0	0	1	0	0
irok	0	100	0	0	0	3	0	0
iron	0	61.328125	38.671875	0	0	157	99	0
iros	0	100	0	0	0	2	0	0
irpi	0	100	0	0	0	2	0	0
irra	13.18681319	40.65934066	46.15384615	0	12	37	42	0
irre	14.32432432	32.43243243	53.24324324	0	53	120	197	0
irri	3.645833333	68.75	27.34375	0.260416667	14	264	105	1
irro	0	70.90909091	29.09090909	0	0	39	16	0
irru	0	100	0	0	0	61	0	0
irsu	0	100	0	0	0	5	0	0
isab	61.66666667	38.33333333	0	0	37	23	0	0
isac	0	100	0	0	0	1	0	0
isad	0	100	0	0	0	2	0	0
isai	0	100	0	0	0	6	0	0
isal	0	0	100	0	0	0	1	0
isam	0	100	0	0	0	1	0	0
isca	0	100	0	0	0	4	0	0
isch	0	100	0	0	0	13	0	0
isco	0	100	0	0	0	1	0	0
iscr	0.613496933	86.50306748	12.88343558	0	2	282	42	0
isel	0	100	0	0	0	5	0	0
isep	0	100	0	0	0	1	0	0
iser	0	100	0	0	0	4	0	0
isgr	80	20	0	0	4	1	0	0
isid	0	75	25	0	0	3	1	0
isla	0	33.82352941	66.17647059	0	0	46	90	0
isma	0	100	0	0	0	1	0	0
isob	0	0	100	0	0	0	1	0
isoc	0	100	0	0	0	1	0	0
isol	0	41.10320285	58.89679715	0	0	231	331	0
isom	0	85	15	0	0	17	3	0
ison	0	100	0	0	0	7	0	0
isop	0	100	0	0	0	5	0	0
isor	0	100	0	0	0	5	0	0
isos	0	0	100	0	0	0	1	0
isot	0	66.66666667	33.33333333	0	0	2	1	0
ispa	0	11.11111111	88.88888889	0	0	1	8	0
ispe	2.040816327	97.95918367	0	0	2	96	0	0
ispi	1.412429379	89.5480226	9.039548023	0	5	317	32	0
ispr	0	100	0	0	0	1	0	0
isra	0.920245399	97.54601227	1.533742331	0	3	318	5	0
issa	0	95.45454545	4.545454545	0	0	21	1	0
issi	0	0	100	0	0	0	1	0
ista	0	88	12	0	0	220	30	0
iste	0	52.5	47.5	0	0	21	19	0
isti	0.511073254	99.40374787	0.085178876	0	6	1167	1	0
isto	42.85714286	57.14285714	0	0	3	4	0	0
istr	0.431034483	96.98275862	2.586206897	0	1	225	6	0
istu	0	100	0	0	0	4	0	0
isva	0	100	0	0	0	4	0	0
itac	0	0	100	0	0	0	2	0
ital	0.056507817	98.30476549	1.638726691	0	3	5219	87	0
itam	100	0	0	0	2	0	0	0
itas	0	100	0	0	0	3	0	0
itav	0	100	0	0	0	1	0	0
iter	0	66.66666667	33.33333333	0	0	2	1	0
itin	0	94.04761905	5.952380952	0	0	79	5	0
itri	0	100	0	0	0	2	0	0
itte	0	100	0	0	0	1	0	0
itti	0	4.166666667	95.83333333	0	0	1	23	0
iugo	0	100	0	0	0	41	0	0
iuzz	0	100	0	0	0	1	0	0
ival	0	100	0	0	0	1	0	0
ivan	0	100	0	0	0	29	0	0
ivat	0	100	0	0	0	1	0	0
ivec	0	100	0	0	0	8	0	0
ivon	0	100	0	0	0	1	0	0
ivre	0	100	0	0	0	27	0	0
jaco	0	21.05263158	78.94736842	0	0	4	15	0
jacu	0	100	0	0	0	1	0	0
jalu	0	0	100	0	0	0	1	0
jann	0	100	0	0	0	16	0	0
japi	0	100	0	0	0	4	0	0
jatt	0	100	0	0	0	2	0	0
jazz	0	50	50	0	0	4	4	0
jell	0	100	0	0	0	4	0	0
jerv	0	100	0	0	0	18	0	0
jess	0	0	100	0	0	0	24	0
jimm	0	100	0	0	0	15	0	0
jola	0	100	0	0	0	3	0	0
joni	0	100	0	0	0	2	0	0
jova	0	100	0	0	0	26	0	0
jugo	0	100	0	0	0	89	0	0
juli	0	100	0	0	0	45	0	0
jung	0	100	0	0	0	1	0	0
juni	0	100	0	0	0	30	0	0
jupi	0	0	100	0	0	0	5	0
jura	0	100	0	0	0	29	0	0
juve	0	100	0	0	0	132	0	0
kafk	0	100	0	0	0	4	0	0
kais	0	0	100	0	0	0	9	0
kala	0	0	100	0	0	0	9	0
kami	0	100	0	0	0	4	0	0
kans	0	100	0	0	0	8	0	0
kaol	0	100	0	0	0	1	0	0
kaom	0	100	0	0	0	1	0	0
kapl	0	100	0	0	0	3	0	0
kapo	100	0	0	0	2	0	0	0
kapp	61.11111111	38.88888889	0	0	11	7	0	0
kara	49.09090909	50.90909091	0	0	27	28	0	0
kare	0	54.54545455	45.45454545	0	0	6	5	0
kari	33.33333333	66.66666667	0	0	1	2	0	0
karm	0	40	60	0	0	2	3	0
karn	33.33333333	66.66666667	0	0	1	2	0	0
karo	100	0	0	0	9	0	0	0
kask	0	100	0	0	0	3	0	0
kata	0	100	0	0	0	1	0	0
kati	0	100	0	0	0	11	0	0
kawa	0	100	0	0	0	1	0	0
ke'r	0	0	100	0	0	0	1	0
kefi	0	100	0	0	0	1	0	0
kell	0	100	0	0	0	2	0	0
keni	0	100	0	0	0	18	0	0
kenn	0	6.666666667	93.33333333	0	0	5	70	0
keny	0	100	0	0	0	19	0	0
kenz	0	100	0	0	0	2	0	0
kepl	33.33333333	66.66666667	0	0	1	2	0	0
khef	0	100	0	0	0	1	0	0
kibb	100	0	0	0	13	0	0	0
kiga	0	100	0	0	0	7	0	0
kili	0	100	0	0	0	1	0	0
kilo	0	66.66666667	33.33333333	0	0	2	1	0
kimb	0	100	0	0	0	2	0	0
kimo	0	100	0	0	0	3	0	0
kind	0	100	0	0	0	3	0	0
king	0	50	50	0	0	1	1	0
kipl	0	100	0	0	0	3	0	0
kipp	100	0	0	0	2	0	0	0
kolo	0	0	100	0	0	0	6	0
komb	100	0	0	0	1	0	0	0
komm	0	100	0	0	0	14	0	0
kurd	0	0	100	0	0	0	4	0
kuwa	100	0	0	0	40	0	0	0
l'ab	100	0	0	0	1	0	0	0
l'ad	0	75	25	0	0	3	1	0
l'ag	0	100	0	0	0	1	0	0
l'al	0	100	0	0	0	2	0	0
l'am	0	100	0	0	0	5	0	0
l'an	0	100	0	0	0	3	0	0
l'ap	0	100	0	0	0	1	0	0
l'aq	0	0	100	0	0	0	5	0
l'ar	0	66.66666667	33.33333333	0	0	2	1	0
l'as	0	100	0	0	0	1	0	0
l'at	0	0	100	0	0	0	1	0
l'av	0	100	0	0	0	14	0	0
l'az	0	100	0	0	0	2	0	0
l'ec	0	100	0	0	0	4	0	0
l'es	0	100	0	0	0	9	0	0
l'id	0	100	0	0	0	1	0	0
l'in	0	97.82608696	2.173913043	0	0	45	1	0
l'ip	0	100	0	0	0	1	0	0
l'it	0	100	0	0	0	14	0	0
l'oc	0	100	0	0	0	2	0	0
l'op	0	100	0	0	0	3	0	0
l'or	0	100	0	0	0	2	0	0
l'un	100	0	0	0	21	0	0	0
l'ur	0	100	0	0	0	1	0	0
l'ut	0	100	0	0	0	1	0	0
la'f	0	0	100	0	0	0	1	0
laba	0	100	0	0	0	1	0	0
labb	0	100	0	0	0	158	0	0
labe	0	100	0	0	0	1	0	0
labi	0	80	20	0	0	36	9	0
labo	0.446428571	99.55357143	0	0	1	223	0	0
labr	0	77.77777778	22.22222222	0	0	7	2	0
labu	0	100	0	0	0	14	0	0
laca	83.33333333	16.66666667	0	0	5	1	0	0
lacc	3.703703704	96.2962963	0	0	2	52	0	0
lace	3.846153846	82.69230769	13.46153846	0	2	43	7	0
laco	0	10	90	0	0	1	9	0
lacr	0	3.684210526	95.78947368	0.526315789	0	7	182	1
lacu	0	100	0	0	0	25	0	0
lada	0	0	100	0	0	0	1	0
ladd	0	100	0	0	0	15	0	0
ladi	0	100	0	0	0	3	0	0
ladr	0	97.63779528	2.362204724	0	0	124	3	0
laer	0	100	0	0	0	2	0	0
lafi	0	100	0	0	0	2	0	0
lafo	0	100	0	0	0	1	0	0
lafu	0	0	100	0	0	0	2	0
lage	0	100	0	0	0	27	0	0
lagg	100	0	0	0	50	0	0	0
lagh	0	100	0	0	0	27	0	0
lagn	0	92.30769231	7.692307692	0	0	12	1	0
lago	5.882352941	94.11764706	0	0	3	48	0	0
lagr	0	0	100	0	0	0	3	0
lagu	0	100	0	0	0	30	0	0
laic	4.918032787	3.278688525	91.80327869	0	6	4	112	0
laid	0	16.66666667	83.33333333	0	0	1	5	0
laik	0	55.55555556	44.44444444	0	0	5	4	0
lain	0	100	0	0	0	3	0	0
lala	100	0	0	0	4	0	0	0
lall	0	100	0	0	0	5	0	0
lalo	0	100	0	0	0	1	0	0
lama	0	33.33333333	66.66666667	0	0	1	2	0
lamb	0	97	3	0	0	97	3	0
lame	2.341137124	85.6187291	12.04013378	0	7	256	36	0
lami	0	97.61904762	2.380952381	0	0	41	1	0
lamo	0	100	0	0	0	1	0	0
lamp	0	67.48971193	32.51028807	0	0	164	79	0
lana	0	100	0	0	0	1	0	0
lanc	5.139186296	90.47109208	4.389721627	0	48	845	41	0
land	4	96	0	0	1	24	0	0
lane	0	100	0	0	0	1	0	0
lanf	0	100	0	0	0	5	0	0
lang	0	51.51515152	48.48484848	0	0	17	16	0
lani	0	0	100	0	0	0	1	0
lank	0	100	0	0	0	4	0	0
lann	0	100	0	0	0	11	0	0
lano	0	100	0	0	0	4	0	0
lant	0	100	0	0	0	29	0	0
lanu	0	100	0	0	0	2	0	0
lanv	100	0	0	0	4	0	0	0
lanz	0	100	0	0	0	49	0	0
lapa	0	100	0	0	0	2	0	0
lapi	6.060606061	69.6969697	24.24242424	0	2	23	8	0
lapo	0	100	0	0	0	1	0	0
lapp	0	100	0	0	0	2	0	0
laps	0	100	0	0	0	7	0	0
lara	33.33333333	66.66666667	0	0	2	4	0	0
lard	0	100	0	0	0	3	0	0
lare	0	100	0	0	0	4	0	0
larg	0	100	0	0	0	385	0	0
lari	0	95.45454545	4.545454545	0	0	42	2	0
larm	0	100	0	0	0	1	0	0
larn	0	100	0	0	0	1	0	0
larv	0	100	0	0	0	30	0	0
lasa	0	100	0	0	0	3	0	0
lasc	7.59760816	82.58881463	9.778403095	0.035174112	216	2348	278	1
lase	0	100	0	0	0	34	0	0
laso	0	100	0	0	0	1	0	0
lass	62.5	37.5	0	0	40	24	0	0
last	0	84	16	0	0	42	8	0
late	2.127659574	97.87234043	0	0	2	92	0	0
lati	2.024291498	89.06882591	8.097165992	0.809716599	5	220	20	2
lato	0	100	0	0	0	1	0	0
latr	0	100	0	0	0	5	0	0
latt	0	93.80530973	6.194690265	0	0	212	14	0
latu	0	0	100	0	0	0	8	0
laud	0	100	0	0	0	21	0	0
laur	0.831024931	73.96121884	25.20775623	0	3	267	91	0
laut	0	100	0	0	0	7	0	0
lauz	0	100	0	0	0	1	0	0
lava	1.219512195	89.63414634	8.841463415	0.304878049	4	294	29	1
lave	0	100	0	0	0	7	0	0
lavi	8.333333333	66.66666667	25	0	1	8	3	0
lavo	0.505992011	96.51131824	2.982689747	0	19	3624	112	0
lazi	0	100	0	0	0	241	0	0
lazu	0	100	0	0	0	2	0	0
lazz	0	40.29850746	59.70149254	0	0	27	40	0
leal	34.28571429	65.71428571	0	0	24	46	0	0
lean	0	100	0	0	0	3	0	0
lear	0	100	0	0	0	1	0	0
lebb	0	100	0	0	0	28	0	0
lecc	3.278688525	92.62295082	4.098360656	0	4	113	5	0
leci	0	4.651162791	95.34883721	0	0	2	41	0
lect	100	0	0	0	1	0	0	0
lede	0	0	100	0	0	0	5	0
lefe	0	100	0	0	0	2	0	0
lega	2.502157032	95.16824849	2.329594478	0	29	1103	27	0
legg	0.369276219	87.51846381	12.07533235	0.036927622	10	2370	327	1
legh	0	100	0	0	0	191	0	0
legi	7.788944724	66.83417085	25.12562814	0.251256281	31	266	100	1
legn	0.314465409	99.68553459	0	0	1	317	0	0
legu	0	100	0	0	0	18	0	0
leic	0	100	0	0	0	1	0	0
leid	0	100	0	0	0	3	0	0
leil	0	100	0	0	0	50	0	0
leli	0	100	0	0	0	7	0	0
lell	0	100	0	0	0	27	0	0
lemb	0	100	0	0	0	27	0	0
lemm	0	100	0	0	0	4	0	0
lemu	0	0	100	0	0	0	3	0
lena	0	100	0	0	0	2	0	0
lenc	0	100	0	0	0	8	0	0
leng	0	100	0	0	0	1	0	0
leni	0	100	0	0	0	56	0	0
lenk	0	100	0	0	0	4	0	0
lenn	0	100	0	0	0	10	0	0
leno	0	100	0	0	0	2	0	0
lent	0	99.43977591	0.56022409	0	0	355	2	0
lenz	0	100	0	0	0	78	0	0
leol	0	100	0	0	0	17	0	0
leom	0	100	0	0	0	1	0	0
leon	0	98.65951743	1.340482574	0	0	368	5	0
leop	0	100	0	0	0	58	0	0
lepa	0	0	100	0	0	0	2	0
lepe	0	100	0	0	0	1	0	0
lepi	0	60	40	0	0	3	2	0
lepo	0	66.66666667	33.33333333	0	0	2	1	0
lepr	0	93.75	6.25	0	0	15	1	0
lept	0	100	0	0	0	2	0	0
lerc	0	100	0	0	0	2	0	0
leri	0	0	100	0	0	0	2	0
lerr	0	100	0	0	0	1	0	0
lert	0	100	0	0	0	1	0	0
lesb	0	15	85	0	0	3	17	0
lesc	0	100	0	0	0	3	0	0
lese	0	100	0	0	0	2	0	0
lesi	0	94.31818182	4.545454545	1.136363636	0	83	4	1
leso	0	100	0	0	0	1	0	0
less	0	52.17391304	47.82608696	0	0	24	22	0
lest	0	100	0	0	0	15	0	0
leta	2.5	97.5	0	0	1	39	0	0
leti	0	100	0	0	0	27	0	0
letr	0	100	0	0	0	1	0	0
lett	0	70.68201949	29.31798051	0	0	1596	662	0
leuc	0	100	0	0	0	11	0	0
leva	2.083333333	87.5	10.41666667	0	4	168	20	0
levi	7.843137255	78.43137255	13.7254902	0	4	40	7	0
levr	0	100	0	0	0	4	0	0
lezi	0	100	0	0	0	200	0	0
lezz	0	100	0	0	0	3	0	0
lial	0	100	0	0	0	4	0	0
lian	0	100	0	0	0	8	0	0
liba	0	100	0	0	0	78	0	0
libb	0	100	0	0	0	1	0	0
libe	23.22613578	36.75344564	39.45890761	0.561510975	455	720	773	11
libi	0	43.47826087	56.52173913	0	0	40	52	0
libo	100	0	0	0	1	0	0	0
libr	0	99.58609272	0.413907285	0	0	1203	5	0
libu	0	50	50	0	0	1	1	0
liby	100	0	0	0	2	0	0	0
lica	0	80	20	0	0	12	3	0
licc	0	100	0	0	0	2	0	0
lice	1.488095238	98.21428571	0.297619048	0	5	330	1	0
lich	0	100	0	0	0	8	0	0
lici	0	100	0	0	0	15	0	0
lico	0	33.33333333	66.66666667	0	0	2	4	0
lidi	0	100	0	0	0	8	0	0
lieg	0	100	0	0	0	29	0	0
liet	0	100	0	0	0	72	0	0
liev	0.757575758	93.18181818	4.545454545	1.515151515	1	123	6	2
liga	0	100	0	0	0	13	0	0
lige	0	100	0	0	0	2	0	0
ligg	0	100	0	0	0	3	0	0
ligi	0	100	0	0	0	3	0	0
lign	0	54.54545455	45.45454545	0	0	6	5	0
ligr	0	100	0	0	0	26	0	0
ligu	0	39.56043956	60.43956044	0	0	36	55	0
lila	100	0	0	0	1	0	0	0
lili	0	100	0	0	0	28	0	0
lill	7.692307692	84.61538462	7.692307692	0	2	22	2	0
lima	0	100	0	0	0	14	0	0
limb	0	92.30769231	7.692307692	0	0	12	1	0
lime	0	33.33333333	66.66666667	0	0	1	2	0
limi	1.668404588	40.1459854	56.725756	1.459854015	16	385	544	14
limo	4.166666667	95.83333333	0	0	5	115	0	0
limp	0	2.702702703	97.2972973	0	0	1	36	0
limu	0	0	100	0	0	0	1	0
lina	0	100	0	0	0	16	0	0
linc	0	100	0	0	0	24	0	0
lind	29.41176471	70.58823529	0	0	15	36	0	0
line	0.61500615	5.781057811	93.60393604	0	5	47	761	0
linf	0	81.57894737	18.42105263	0	0	31	7	0
ling	0.168350168	92.76094276	7.070707071	0	1	551	42	0
linn	0	100	0	0	0	5	0	0
lino	0	0	100	0	0	0	1	0
liof	0	100	0	0	0	3	0	0
lion	0	100	0	0	0	23	0	0
liot	0	100	0	0	0	6	0	0
lipa	0	16.66666667	83.33333333	0	0	1	5	0
lipi	0	66.66666667	33.33333333	0	0	8	4	0
lipo	0	91.66666667	8.333333333	0	0	11	1	0
lipp	0	100	0	0	0	43	0	0
lips	0	100	0	0	0	6	0	0
liqu	4.745762712	52.20338983	42.71186441	0.338983051	14	154	126	1
lire	0	100	0	0	0	1	0	0
liri	0	6.481481481	93.51851852	0	0	7	101	0
lisa	0	100	0	0	0	3	0	0
lisb	0	100	0	0	0	23	0	0
lisc	1.298701299	98.7012987	0	0	1	76	0	0
lise	0	100	0	0	0	3	0	0
liss	0	25	75	0	0	2	6	0
list	0	100	0	0	0	400	0	0
lita	0	100	0	0	0	10	0	0
lite	0	100	0	0	0	10	0	0
litf	0	100	0	0	0	2	0	0
liti	2.040816327	85.03401361	8.843537415	4.081632653	3	125	13	6
lito	0	97.72727273	2.272727273	0	0	43	1	0
litr	0	100	0	0	0	87	0	0
litt	0	41.66666667	58.33333333	0	0	10	14	0
litu	0	76.47058824	23.52941176	0	0	39	12	0
liut	0	100	0	0	0	5	0	0
liva	0	100	0	0	0	3	0	0
live	0	96.48173207	3.51826793	0	0	713	26	0
livi	0	71.42857143	28.57142857	0	0	45	18	0
livo	0	100	0	0	0	24	0	0
livr	0	100	0	0	0	7	0	0
lizi	0	100	0	0	0	1	0	0
lizz	0	98.07692308	1.923076923	0	0	51	1	0
lobb	0	100	0	0	0	33	0	0
lobe	0	100	0	0	0	4	0	0
lobo	0	100	0	0	0	1	0	0
loca	11.20584653	88.67235079	0.12180268	0	92	728	1	0
locc	0	100	0	0	0	2	0	0
loch	0	100	0	0	0	7	0	0
lock	0	100	0	0	0	1	0	0
loco	0	100	0	0	0	17	0	0
locr	0	69.23076923	30.76923077	0	0	9	4	0
locu	0	73.33333333	26.66666667	0	0	11	4	0
loda	0	93.75	6.25	0	0	15	1	0
lode	0	18.18181818	81.81818182	0	0	2	9	0
lodi	0	100	0	0	0	6	0	0
lodo	0	44.44444444	55.55555556	0	0	4	5	0
logg	0	100	0	0	0	48	0	0
logi	0	2.358490566	97.64150943	0	0	5	207	0
logo	0	65.30612245	32.65306122	2.040816327	0	32	16	1
logr	0	100	0	0	0	1	0	0
loig	0	100	0	0	0	1	0	0
loir	0	0	100	0	0	0	3	0
loli	0	100	0	0	0	8	0	0
loll	0	0	100	0	0	0	5	0
loma	0	100	0	0	0	10	0	0
lomb	0	99.72826087	0.27173913	0	0	367	1	0
lome	0	100	0	0	0	3	0	0
lona	0	100	0	0	0	3	0	0
lond	0	100	0	0	0	397	0	0
long	14.28571429	74.28571429	11.42857143	0	10	52	8	0
lont	0	99.20903955	0.790960452	0	0	878	7	0
lonz	0	100	0	0	0	1	0	0
lope	0	96.55172414	3.448275862	0	0	28	1	0
lopo	0	0	100	0	0	0	3	0
loqu	14.28571429	85.71428571	0	0	1	6	0	0
lora	0	100	0	0	0	1	0	0
lorc	20	80	0	0	1	4	0	0
lord	0	98	2	0	0	49	1	0
lore	0.262467192	99.73753281	0	0	1	380	0	0
lori	0	92.30769231	7.692307692	0	0	12	1	0
lorn	0	100	0	0	0	2	0	0
lors	0	100	0	0	0	1	0	0
loru	0	100	0	0	0	3	0	0
losa	0	100	0	0	0	11	0	0
losc	0	100	0	0	0	16	0	0
loss	0	100	0	0	0	1	0	0
losu	0	100	0	0	0	3	0	0
lota	0	100	0	0	0	1	0	0
loti	0	0	100	0	0	0	2	0
lott	1.785714286	95.17857143	3.035714286	0	10	533	17	0
lotu	0	100	0	0	0	15	0	0
loui	0	100	0	0	0	42	0	0
lova	0	100	0	0	0	5	0	0
love	0	100	0	0	0	1	0	0
lozi	0	100	0	0	0	8	0	0
lozz	0	100	0	0	0	6	0	0
ltal	0	100	0	0	0	2	0	0
lu'c	0	0	100	0	0	0	2	0
luan	0	100	0	0	0	3	0	0
lube	0	100	0	0	0	3	0	0
lubi	0	100	0	0	0	14	0	0
lubl	0	100	0	0	0	2	0	0
lubo	100	0	0	0	1	0	0	0
lubr	0	100	0	0	0	20	0	0
luca	0	100	0	0	0	24	0	0
lucc	0	78.1512605	21.00840336	0.840336134	0	93	25	1
luce	0	84.61538462	15.38461538	0	0	44	8	0
luch	0	100	0	0	0	11	0	0
luci	8.009153318	71.16704805	20.82379863	0	35	311	91	0
luco	50	50	0	0	1	1	0	0
lucr	0	100	0	0	0	26	0	0
lucu	0	100	0	0	0	3	0	0
ludi	0	11.11111111	88.88888889	0	0	1	8	0
ludo	0	100	0	0	0	37	0	0
luft	0	100	0	0	0	6	0	0
luga	0	100	0	0	0	14	0	0
lugl	0	100	0	0	0	432	0	0
lugo	0	100	0	0	0	2	0	0
lugu	0	8.333333333	91.66666667	0	0	1	11	0
luig	0	100	0	0	0	383	0	0
luin	0	71.42857143	28.57142857	0	0	5	2	0
luis	0	100	0	0	0	50	0	0
lull	0	100	0	0	0	7	0	0
luma	0	100	0	0	0	23	0	0
lume	0	75	25	0	0	3	1	0
lumi	10.75949367	89.24050633	0	0	17	141	0	0
luna	0	84.84848485	15.15151515	0	0	28	5	0
lund	0	100	0	0	0	2	0	0
lune	98.27586207	1.724137931	0	0	285	5	0	0
lung	0	98.97750511	1.022494888	0	0	2420	25	0
luni	0	100	0	0	0	5	0	0
luno	0	100	0	0	0	8	0	0
luog	0	100	0	0	0	743	0	0
luon	0	100	0	0	0	1	0	0
lupa	0	100	0	0	0	11	0	0
lupe	0	85.71428571	14.28571429	0	0	6	1	0
lupi	0	100	0	0	0	7	0	0
lupo	0	100	0	0	0	1	0	0
lupp	0	60	40	0	0	3	2	0
lupu	0	100	0	0	0	1	0	0
luri	0	25	75	0	0	1	3	0
lusi	0	95	5	0	0	38	2	0
luss	0.492610837	99.50738916	0	0	1	202	0	0
lust	0	97.77777778	2.222222222	0	0	44	1	0
lute	0	100	0	0	0	17	0	0
luth	0	100	0	0	0	10	0	0
luti	0	100	0	0	0	1	0	0
lutt	0	100	0	0	0	43	0	0
luxa	0	100	0	0	0	3	0	0
luxo	0	50	50	0	0	1	1	0
luzz	0	100	0	0	0	9	0	0
lycr	0	100	0	0	0	1	0	0
lydi	0	100	0	0	0	18	0	0
ma'x	0	0	100	0	0	0	2	0
mabe	75	25	0	0	3	1	0	0
mabi	0	0	100	0	0	0	1	0
maca	0	40.90909091	59.09090909	0	0	18	26	0
macc	3.87755102	23.97959184	72.04081633	0.102040816	38	235	706	1
macd	0	100	0	0	0	3	0	0
mace	0	89.65517241	10.34482759	0	0	130	15	0
mach	0	88.88888889	11.11111111	0	0	16	2	0
maci	1.19047619	85.71428571	13.0952381	0	1	72	11	0
maco	0	100	0	0	0	3	0	0
macr	13.79310345	44.82758621	41.37931034	0	4	13	12	0
macu	0	100	0	0	0	9	0	0
mada	39.65517241	60.34482759	0	0	46	70	0	0
madd	0	100	0	0	0	20	0	0
made	0	100	0	0	0	15	0	0
madi	0	25	75	0	0	1	3	0
mado	0	100	0	0	0	149	0	0
madr	8.123476848	91.87652315	0	0	100	1131	0	0
maes	7.875894988	92.12410501	0	0	33	386	0	0
mafa	0	100	0	0	0	21	0	0
maff	0	100	0	0	0	26	0	0
mafi	0	100	0	0	0	468	0	0
maga	1.393188854	98.60681115	0	0	9	637	0	0
magd	0	100	0	0	0	3	0	0
mage	0	100	0	0	0	50	0	0
magg	18.07432432	81.92567568	0	0	428	1940	0	0
magh	0	100	0	0	0	13	0	0
magi	1.661474559	82.34683281	15.99169263	0	16	793	154	0
magl	0	100	0	0	0	246	0	0
magm	0	84.61538462	15.38461538	0	0	11	2	0
magn	0.643086817	44.05144695	55.30546624	0	2	137	172	0
mago	3.571428571	96.42857143	0	0	1	27	0	0
magr	4.929577465	95.07042254	0	0	7	135	0	0
mahl	0	100	0	0	0	21	0	0
maia	0	100	0	0	0	60	0	0
maie	0	69.23076923	30.76923077	0	0	9	4	0
maim	0	0	100	0	0	0	2	0
main	0	73.68421053	26.31578947	0	0	14	5	0
maio	0	62.5	37.5	0	0	25	15	0
mair	0	100	0	0	0	1	0	0
mais	0	100	0	0	0	5	0	0
mait	0	100	0	0	0	1	0	0
maiu	0	5	95	0	0	1	19	0
maja	0	100	0	0	0	1	0	0
majo	0	100	0	0	0	3	0	0
maka	100	0	0	0	1	0	0	0
mala	1.500535906	97.21329046	1.286173633	0	14	907	12	0
malb	0	100	0	0	0	1	0	0
malc	0	100	0	0	0	58	0	0
mald	0	100	0	0	0	78	0	0
male	0	64.97890295	35.02109705	0	0	154	83	0
malf	0	100	0	0	0	202	0	0
malg	0	100	0	0	0	161	0	0
mali	4.150943396	78.49056604	17.35849057	0	11	208	46	0
mall	0	66.66666667	33.33333333	0	0	6	3	0
malm	0	100	0	0	0	14	0	0
maln	25	75	0	0	1	3	0	0
malo	3.448275862	96.55172414	0	0	1	28	0	0
malp	0	100	0	0	0	45	0	0
malr	0	100	0	0	0	4	0	0
mals	0	100	0	0	0	7	0	0
malt	0.909090909	98.18181818	0.909090909	0	1	108	1	0
malu	0	100	0	0	0	25	0	0
malv	5.952380952	91.66666667	2.380952381	0	5	77	2	0
maly	0	100	0	0	0	1	0	0
mamb	0	100	0	0	0	8	0	0
mame	0	100	0	0	0	3	0	0
mami	0	100	0	0	0	2	0	0
mamm	4.655172414	89.48275862	5.862068966	0	27	519	34	0
mamo	0	23.07692308	76.92307692	0	0	3	10	0
mana	2.252252252	9.90990991	87.83783784	0	5	22	195	0
manc	2.181097158	82.48512888	15.33377396	0	33	1248	232	0
mand	3.645200486	85.41919806	10.93560146	0	30	703	90	0
mane	0	93.63636364	6.363636364	0	0	103	7	0
manf	0	100	0	0	0	39	0	0
mang	3.786816269	88.35904628	7.854137447	0	27	630	56	0
manh	0	100	0	0	0	32	0	0
mani	0.900163666	88.95253682	10.06546645	0.081833061	11	1087	123	1
manl	0	100	0	0	0	10	0	0
mann	9.615384615	90.38461538	0	0	5	47	0	0
mano	6.024096386	81.92771084	12.04819277	0	20	272	40	0
manr	0	100	0	0	0	2	0	0
mans	0	97.36842105	2.631578947	0	0	37	1	0
mant	2.013422819	87.24832215	10.73825503	0	15	650	80	0
manu	1.219512195	84.14634146	14.63414634	0	3	207	36	0
manz	0	97.91666667	2.083333333	0	0	94	2	0
maoi	0	100	0	0	0	6	0	0
maom	0	100	0	0	0	11	0	0
mape	0	100	0	0	0	4	0	0
mapp	0	100	0	0	0	60	0	0
mapu	0	100	0	0	0	3	0	0
mara	3	96.5	0.5	0	6	193	1	0
marb	0	100	0	0	0	2	0	0
marc	0.849858357	98.44192635	0.708215297	0	12	1390	10	0
mare	0	100	0	0	0	190	0	0
marf	0	100	0	0	0	2	0	0
marg	12.33243968	52.54691689	35.12064343	0	46	196	131	0
mari	2.892713292	94.47088978	2.636396924	0	79	2580	72	0
marj	0	100	0	0	0	1	0	0
marl	13.51351351	86.48648649	0	0	5	32	0	0
marm	1.136363636	88.06818182	10.79545455	0	2	155	19	0
marn	0	100	0	0	0	4	0	0
maro	0	98.1595092	1.840490798	0	0	160	3	0
marp	0	100	0	0	0	6	0	0
marr	5.479452055	94.52054795	0	0	4	69	0	0
mars	0	100	0	0	0	85	0	0
mart	21.27236581	76.24254473	2.485089463	0	214	767	25	0
maru	0	100	0	0	0	16	0	0
marv	0	100	0	0	0	2	0	0
marx	0	100	0	0	0	34	0	0
mary	0	0	100	0	0	0	4	0
marz	0	100	0	0	0	386	0	0
masa	0	100	0	0	0	11	0	0
masc	0.78125	82.8125	15.9375	0.46875	5	530	102	3
mase	6.060606061	93.93939394	0	0	2	31	0	0
masi	0	100	0	0	0	23	0	0
masn	0	100	0	0	0	1	0	0
maso	0	100	0	0	0	25	0	0
mass	0.115874855	41.599073	58.28505214	0	2	718	1006	0
mast	0.64516129	92.25806452	6.451612903	0.64516129	1	143	10	1
masu	80	20	0	0	8	2	0	0
mata	2.5	97.5	0	0	2	78	0	0
mate	3.947368421	85.02024291	11.03238866	0	39	840	109	0
mati	0	100	0	0	0	51	0	0
mato	0	100	0	0	0	3	0	0
matr	0	98.12792512	1.872074883	0	0	629	12	0
matt	0.144822592	99.78276611	0.072411296	0	2	1378	1	0
matu	27.00729927	71.89781022	1.094890511	0	74	197	3	0
maur	0.267379679	99.73262032	0	0	1	373	0	0
maus	0	100	0	0	0	10	0	0
maxi	1.960784314	76.47058824	21.56862745	0	1	39	11	0
maye	0	100	0	0	0	7	0	0
maza	0	100	0	0	0	7	0	0
mazd	0	100	0	0	0	2	0	0
mazi	0	100	0	0	0	1	0	0
mazu	0	100	0	0	0	3	0	0
mazz	1.388888889	98.33333333	0.277777778	0	5	354	1	0
mcdo	0	100	0	0	0	7	0	0
me'c	0	100	0	0	0	1	0	0
me'd	0	100	0	0	0	2	0	0
me'n	0	0	100	0	0	0	1	0
me't	0	100	0	0	0	2	0	0
mean	0	100	0	0	0	10	0	0
meaz	0	100	0	0	0	1	0	0
mecc	0	60.59701493	39.40298507	0	0	203	132	0
mece	0	100	0	0	0	22	0	0
meci	81.81818182	18.18181818	0	0	9	2	0	0
meda	0	100	0	0	0	108	0	0
medd	0	100	0	0	0	5	0	0
mede	1.869158879	7.476635514	90.65420561	0	2	8	97	0
medi	1.565636291	60.17663589	38.25772782	0	39	1499	953	0
medo	0	100	0	0	0	5	0	0
medr	0	100	0	0	0	3	0	0
medu	0	100	0	0	0	7	0	0
mefi	0	0	100	0	0	0	3	0
mega	3.773584906	56.60377358	39.62264151	0	2	30	21	0
mege	0	100	0	0	0	3	0	0
megl	0	100	0	0	0	1334	0	0
mein	0	100	0	0	0	2	0	0
mela	0	79.06976744	20.93023256	0	0	34	9	0
melb	0	100	0	0	0	2	0	0
melc	0	100	0	0	0	5	0	0
mele	0	100	0	0	0	6	0	0
melf	0	100	0	0	0	5	0	0
melg	0	100	0	0	0	1	0	0
meli	0	96.42857143	3.571428571	0	0	27	1	0
mell	0	85.71428571	14.28571429	0	0	30	5	0
melm	0	100	0	0	0	9	0	0
melo	0	85.49618321	14.50381679	0	0	112	19	0
melu	0	100	0	0	0	5	0	0
memb	0	100	0	0	0	250	0	0
meme	0	100	0	0	0	1	0	0
memi	0	100	0	0	0	2	0	0
memo	0	87.36141907	12.63858093	0	0	394	57	0
mena	10.34482759	79.31034483	10.34482759	0	3	23	3	0
mend	3.571428571	82.14285714	14.28571429	0	1	23	4	0
mene	23.40425532	76.59574468	0	0	11	36	0	0
menf	0	100	0	0	0	2	0	0
meng	0	100	0	0	0	8	0	0
menh	100	0	0	0	1	0	0	0
meni	0	100	0	0	0	11	0	0
menn	0	100	0	0	0	8	0	0
meno	4.651162791	93.02325581	2.325581395	0	2	40	1	0
mens	3.759398496	82.70676692	13.53383459	0	5	110	18	0
ment	1.763140386	97.97072522	0.266134398	0	53	2945	8	0
menz	2.898550725	95.65217391	1.449275362	0	2	66	1	0
mera	1.333333333	97.33333333	1.333333333	0	4	292	4	0
merc	18.13655761	81.50782361	0.355618777	0	255	1146	5	0
merd	0	100	0	0	0	20	0	0
mere	0	100	0	0	0	24	0	0
merg	0	100	0	0	0	2	0	0
merh	0	100	0	0	0	1	0	0
meri	0.597014925	40.14925373	54.47761194	4.776119403	4	269	365	32
merl	0	100	0	0	0	47	0	0
mero	0	16.66666667	83.33333333	0	0	1	5	0
meru	0	100	0	0	0	2	0	0
mesc	2.116402116	75.66137566	16.93121693	5.291005291	4	143	32	10
mese	0	100	0	0	0	5	0	0
mesi	0	100	0	0	0	5	0	0
meso	0	41.66666667	58.33333333	0	0	5	7	0
mess	0.302114804	89.12386707	10.57401813	0	3	885	105	0
mest	0	96.05263158	3.947368421	0	0	219	9	0
meta	0	41.35977337	58.64022663	0	0	146	207	0
mete	0	28.57142857	71.42857143	0	0	16	40	0
meti	9.090909091	90.90909091	0	0	4	40	0	0
meto	0	7.961783439	92.03821656	0	0	25	289	0
metr	2.426160338	87.97468354	9.599156118	0	23	834	91	0
mett	1.277173913	67.22826087	31.25	0.244565217	47	2474	1150	9
meuc	0	100	0	0	0	1	0	0
mezz	0.091240876	99.86313869	0.045620438	0	2	2189	1	0
miag	11.11111111	88.88888889	0	0	1	8	0	0
mias	0	100	0	0	0	5	0	0
micc	9.090909091	81.81818182	9.090909091	0	1	9	1	0
mice	0	100	0	0	0	7	0	0
mich	7.884615385	53.46153846	38.65384615	0	41	278	201	0
mici	0	100	0	0	0	56	0	0
mico	66.66666667	33.33333333	0	0	4	2	0	0
micr	7.307692308	49.23076923	43.46153846	0	19	128	113	0
micu	0	100	0	0	0	2	0	0
mida	100	0	0	0	2	0	0	0
mido	0	100	0	0	0	20	0	0
miel	0	100	0	0	0	83	0	0
mien	0	100	0	0	0	1	0	0
miet	0	92.30769231	7.692307692	0	0	12	1	0
migl	10.41666667	89.03186275	0.551470588	0	170	1453	9	0
mign	18.75	43.75	37.5	0	3	7	6	0
migo	0	100	0	0	0	1	0	0
migr	0	94.33962264	5.660377358	0	0	50	3	0
miil	0	100	0	0	0	2	0	0
mika	0	100	0	0	0	1	0	0
miku	0	0	100	0	0	0	1	0
mila	0	100	0	0	0	2280	0	0
milb	0	100	0	0	0	1	0	0
mile	0	100	0	0	0	18	0	0
milh	100	0	0	0	1	0	0	0
mili	0.08984726	99.31117101	0.569032645	0.029949087	3	3316	19	1
mill	1.538461538	88.03418803	10.42735043	0	9	515	61	0
milv	0	100	0	0	0	33	0	0
milz	0	100	0	0	0	4	0	0
mima	0	75	25	0	0	9	3	0
mime	0	83.33333333	16.66666667	0	0	20	4	0
mimi	0	13.33333333	86.66666667	0	0	2	13	0
mimm	0	100	0	0	0	9	0	0
mimo	0	100	0	0	0	4	0	0
mimu	100	0	0	0	2	0	0	0
mina	2.250803859	92.60450161	5.144694534	0	14	576	32	0
minc	0	100	0	0	0	5	0	0
mind	0	0	100	0	0	0	2	0
mine	1.234567901	98.7654321	0	0	2	160	0	0
ming	0	100	0	0	0	19	0	0
mini	0.343642612	82.56013746	17.09621993	0	8	1922	398	0
mink	0	100	0	0	0	2	0	0
minn	0	80	20	0	0	20	5	0
mino	4.251386322	95.19408503	0.554528651	0	23	515	3	0
minu	0	92.48395967	7.51604033	0	0	1009	82	0
minz	0	100	0	0	0	8	0	0
mioc	0	100	0	0	0	5	0	0
miop	0	31.57894737	68.42105263	0	0	6	13	0
miot	0	100	0	0	0	7	0	0
mira	1.298701299	44.80519481	53.8961039	0	6	207	249	0
mirc	0	100	0	0	0	2	0	0
mire	0	100	0	0	0	14	0	0
miri	0	77	23	0	0	77	23	0
mirj	0	100	0	0	0	1	0	0
mirk	0	100	0	0	0	27	0	0
mirm	0	0	100	0	0	0	1	0
miro	0	100	0	0	0	4	0	0
mirr	0	100	0	0	0	8	0	0
mirt	0	100	0	0	0	14	0	0
misa	0	84.61538462	15.38461538	0	0	11	2	0
misc	0	95.07042254	4.929577465	0	0	135	7	0
mise	0	58.62068966	41.37931034	0	0	102	72	0
misf	0	100	0	0	0	17	0	0
misi	0	83.33333333	16.66666667	0	0	5	1	0
miso	0	66.66666667	33.33333333	0	0	10	5	0
miss	0	80.90452261	19.09547739	0	0	322	76	0
mist	0.67001675	92.79731993	6.532663317	0	4	554	39	0
misu	0.872093023	96.94767442	2.180232558	0	6	667	15	0
mite	0	100	0	0	0	8	0	0
miti	0	17.51824818	81.02189781	1.459854015	0	24	111	2
mito	0	62.79069767	37.20930233	0	0	27	16	0
mitr	0	95.77464789	4.225352113	0	0	68	3	0
mits	0	100	0	0	0	7	0	0
mitt	0	100	0	0	0	32	0	0
miuc	0	100	0	0	0	1	0	0
miur	0	100	0	0	0	1	0	0
mixa	0	100	0	0	0	4	0	0
mixe	0	100	0	0	0	15	0	0
mnem	0	0	100	0	0	0	6	0
moan	0	100	0	0	0	33	0	0
mobi	12.17798595	19.67213115	66.97892272	1.170960187	52	84	286	5
moca	0	100	0	0	0	6	0	0
mocc	0	71.42857143	28.57142857	0	0	5	2	0
moda	89.61038961	10.38961039	0	0	69	8	0	0
mode	2.45959241	92.97259311	4.567814476	0	35	1323	65	0
modi	1.092896175	57.37704918	39.89071038	1.639344262	4	210	146	6
modr	0	100	0	0	0	1	0	0
modu	0	41.97530864	58.02469136	0	0	34	47	0
moff	0	100	0	0	0	7	0	0
moga	0	80	20	0	0	28	7	0
mogg	0	100	0	0	0	11	0	0
mogi	0	100	0	0	0	5	0	0
mogl	0	100	0	0	0	993	0	0
moin	0	100	0	0	0	2	0	0
moir	0	0	100	0	0	0	3	0
mola	0	100	0	0	0	7	0	0
mold	0	100	0	0	0	3	0	0
mole	0.724637681	59.42028986	39.85507246	0	1	82	55	0
molf	0	100	0	0	0	2	0	0
molg	0	100	0	0	0	2	0	0
moli	0	100	0	0	0	44	0	0
moll	1.388888889	93.51851852	5.092592593	0	3	202	11	0
molo	0	100	0	0	0	4	0	0
molt	0.189589797	97.81109962	1.671837297	0.327473285	11	5675	97	19
momb	0	100	0	0	0	5	0	0
mome	0	99.23404255	0.765957447	0	0	2332	18	0
momi	0	100	0	0	0	2	0	0
momp	0	100	0	0	0	1	0	0
mona	0	27.17086835	72.82913165	0	0	97	260	0
monc	0	100	0	0	0	31	0	0
mond	0.489296636	98.01223242	1.498470948	0	16	3205	49	0
mone	0	99.7311828	0.268817204	0	0	371	1	0
monf	0	91.66666667	8.333333333	0	0	33	3	0
mong	12.76595745	74.46808511	12.76595745	0	6	35	6	0
moni	1.25	30	68.75	0	2	48	110	0
monn	0	100	0	0	0	15	0	0
mono	0.408163265	59.59183673	40	0	1	146	98	0
monr	0	100	0	0	0	9	0	0
mons	58.53658537	40.24390244	1.219512195	0	48	33	1	0
mont	0.189393939	95.07575758	4.734848485	0	3	1506	75	0
monu	0.775193798	99.2248062	0	0	1	128	0	0
monv	0	100	0	0	0	2	0	0
monz	2.830188679	97.16981132	0	0	3	103	0	0
mora	5.6	92.6	1.8	0	28	463	9	0
morb	3.703703704	38.62433862	57.67195767	0	7	73	109	0
morc	0	100	0	0	0	5	0	0
mord	3.50877193	64.9122807	31.57894737	0	2	37	18	0
more	0	98.05825243	1.941747573	0	0	101	2	0
morf	0	84.61538462	15.38461538	0	0	11	2	0
morg	5.882352941	94.11764706	0	0	1	16	0	0
mori	1.981981982	93.51351351	4.504504505	0	22	1038	50	0
morl	0	100	0	0	0	14	0	0
morm	49.65986395	32.65306122	17.00680272	0.680272109	73	48	25	1
moro	4.761904762	95.23809524	0	0	1	20	0	0
morr	0	84.61538462	15.38461538	0	0	11	2	0
mors	1.369863014	98.63013699	0	0	1	72	0	0
mort	0.880162492	98.64590386	0.338524035	0.135409614	13	1457	5	2
moru	0	100	0	0	0	3	0	0
morv	10	90	0	0	1	9	0	0
mosa	0	4.761904762	95.23809524	0	0	2	40	0
mosc	0.534759358	99.46524064	0	0	2	372	0	0
mose	100	0	0	0	26	0	0	0
mosi	0	100	0	0	0	3	0	0
moso	0	0	100	0	0	0	5	0
moss	0	100	0	0	0	135	0	0
most	2.127659574	91.13475177	6.737588652	0	24	1028	76	0
mote	100	0	0	0	4	0	0	0
moti	0.379746835	99.11392405	0.506329114	0	3	783	4	0
moto	0.921658986	95.39170507	3.686635945	0	4	414	16	0
motr	22.22222222	77.77777778	0	0	2	7	0	0
mott	0	98.38709677	1.612903226	0	0	61	1	0
move	0	100	0	0	0	52	0	0
movi	0.170648464	99.82935154	0	0	1	585	0	0
moza	2.43902439	97.56097561	0	0	2	80	0	0
mozi	0	100	0	0	0	32	0	0
mozz	0	98.07692308	1.923076923	0	0	51	1	0
mucc	0	60.48387097	39.51612903	0	0	75	49	0
muce	0	0	100	0	0	0	3	0
muci	0	0	100	0	0	0	1	0
muco	0	91.66666667	8.333333333	0	0	11	1	0
muel	0	100	0	0	0	3	0	0
muff	0	100	0	0	0	11	0	0
mufl	0	100	0	0	0	3	0	0
muge	0	100	0	0	0	8	0	0
mugg	8.333333333	66.66666667	25	0	1	8	3	0
mugh	0	100	0	0	0	6	0	0
mugn	0	100	0	0	0	4	0	0
mugo	0	100	0	0	0	4	0	0
mugu	11.76470588	76.47058824	11.76470588	0	2	13	2	0
mula	0	100	0	0	0	12	0	0
muld	0	100	0	0	0	6	0	0
mule	0	100	0	0	0	2	0	0
muli	0	92.68292683	7.317073171	0	0	38	3	0
mull	0	100	0	0	0	11	0	0
mult	1.838235294	87.13235294	11.02941176	0	5	237	30	0
mumm	0	100	0	0	0	12	0	0
muna	0	100	0	0	0	1	0	0
mund	50	50	0	0	5	5	0	0
mune	0	100	0	0	0	1	0	0
mung	0	87.5	12.5	0	0	14	2	0
muni	0.555555556	97.77777778	1.666666667	0	1	176	3	0
muov	1.957295374	62.63345196	35.40925267	0	11	352	199	0
mura	1.666666667	98.33333333	0	0	2	118	0	0
mure	0	100	0	0	0	15	0	0
murg	20	60	20	0	1	3	1	0
muri	0	75	25	0	0	9	3	0
muro	0	0	100	0	0	0	2	0
murp	0	100	0	0	0	7	0	0
murr	0	100	0	0	0	2	0	0
murs	0	100	0	0	0	1	0	0
musa	0	100	0	0	0	3	0	0
musc	0	44.01913876	55.98086124	0	0	92	117	0
muse	0	99.68152866	0.318471338	0	0	313	1	0
musi	0.783545544	39.07933399	60.13712047	0	8	399	614	0
muso	0	100	0	0	0	11	0	0
muss	0	96.93877551	3.06122449	0	0	95	3	0
must	87.5	12.5	0	0	14	2	0	0
musu	0	99.20634921	0.793650794	0	0	125	1	0
muta	1.185770751	94.07114625	4.743083004	0	3	238	12	0
mute	0	0	100	0	0	0	10	0
muth	0	100	0	0	0	1	0	0
muti	2.083333333	93.75	4.166666667	0	1	45	2	0
muto	0	0	100	0	0	0	9	0
mutu	2.127659574	46.80851064	51.06382979	0	1	22	24	0
muzi	0	100	0	0	0	5	0	0
muzz	0	100	0	0	0	15	0	0
naba	0	100	0	0	0	3	0	0
nabi	33.33333333	33.33333333	33.33333333	0	2	2	2	0
nabu	0	100	0	0	0	1	0	0
nacc	0	0	100	0	0	0	2	0
nace	100	0	0	0	1	0	0	0
nadi	3.703703704	96.2962963	0	0	1	26	0	0
nadj	0	100	0	0	0	1	0	0
naft	0	100	0	0	0	16	0	0
nail	0	0	100	0	0	0	3	0
nair	0	100	0	0	0	9	0	0
nald	0	100	0	0	0	2	0	0
nale	0	100	0	0	0	1	0	0
nami	0	100	0	0	0	10	0	0
nanc	0	100	0	0	0	32	0	0
nand	0	100	0	0	0	21	0	0
nane	0	33.33333333	66.66666667	0	0	1	2	0
nani	0	100	0	0	0	1	0	0
nann	0	100	0	0	0	35	0	0
nano	0	50	50	0	0	1	1	0
nanu	0	100	0	0	0	1	0	0
naom	0	100	0	0	0	23	0	0
napo	0	36.37548892	63.62451108	0	0	279	488	0
napp	0	100	0	0	0	12	0	0
nara	100	0	0	0	2	0	0	0
narc	0	73.68421053	26.31578947	0	0	42	15	0
nard	0	100	0	0	0	17	0	0
nare	0	100	0	0	0	1	0	0
narg	0	100	0	0	0	8	0	0
nari	0	100	0	0	0	16	0	0
naro	0	100	0	0	0	1	0	0
narr	3.787878788	92.42424242	3.787878788	0	5	122	5	0
nasa	0	100	0	0	0	9	0	0
nasc	0.902061856	56.82989691	42.20360825	0.06443299	14	882	655	1
nase	0	100	0	0	0	2	0	0
nasi	0	100	0	0	0	4	0	0
naso	0	100	0	0	0	3	0	0
nass	0	100	0	0	0	1	0	0
nast	0	100	0	0	0	81	0	0
nasu	0	100	0	0	0	3	0	0
nata	2.34375	97.65625	0	0	9	375	0	0
nati	2.325581395	83.72093023	13.95348837	0	1	36	6	0
nato	0	0	100	0	0	0	8	0
natt	0	100	0	0	0	3	0	0
natu	0.818639798	97.73299748	1.44836272	0	13	1552	23	0
nauf	5.555555556	66.66666667	27.77777778	0	4	48	20	0
naus	0	40	60	0	0	12	18	0
naut	0	0	100	0	0	0	22	0
nava	0	100	0	0	0	66	0	0
nave	0	100	0	0	0	12	0	0
navi	2.5	86.875	8.75	1.875	4	139	14	3
navo	0	100	0	0	0	28	0	0
naza	16.66666667	83.33333333	0	0	1	5	0	0
nazi	4.430005907	95.21559362	0.354400473	0	75	1612	6	0
nazz	0	100	0	0	0	2	0	0
nean	0	98.91891892	1.081081081	0	0	366	4	0
neap	0	100	0	0	0	2	0	0
nebb	0	100	0	0	0	100	0	0
nebi	0	100	0	0	0	6	0	0
nebr	0	100	0	0	0	2	0	0
nebu	0	100	0	0	0	10	0	0
necc	0	100	0	0	0	5	0	0
nece	29.53020134	68.16874401	1.725790988	0.575263663	308	711	18	6
necr	0	50	50	0	0	12	12	0
nedd	0	100	0	0	0	1	0	0
nefa	0	100	0	0	0	16	0	0
nefe	0	0	100	0	0	0	2	0
nefr	0	40	60	0	0	2	3	0
nega	1.369863014	95.71917808	2.910958904	0	8	559	17	0
negh	0	100	0	0	0	1	0	0
negl	5.882352941	94.11764706	0	0	1	16	0	0
nego	0.198412698	99.8015873	0	0	1	503	0	0
negr	0	94.28571429	5.714285714	0	0	99	6	0
nell	0	100	0	0	0	5	0	0
nemb	0	100	0	0	0	3	0	0
neme	0	33.33333333	66.66666667	0	0	1	2	0
nemi	0	100	0	0	0	252	0	0
nemm	0.181488203	99.8185118	0	0	1	550	0	0
nemu	0	100	0	0	0	1	0	0
nenc	0	100	0	0	0	7	0	0
neni	0	100	0	0	0	4	0	0
nenn	0	100	0	0	0	3	0	0
neob	0	100	0	0	0	2	0	0
neoc	0	51.35135135	48.64864865	0	0	19	18	0
neod	0	100	0	0	0	3	0	0
neoe	0	100	0	0	0	4	0	0
neof	0	68.75	31.25	0	0	11	5	0
neog	0	100	0	0	0	9	0	0
neoi	0	100	0	0	0	4	0	0
neol	0	60	40	0	0	9	6	0
neom	0	100	0	0	0	7	0	0
neon	0	100	0	0	0	83	0	0
neop	0	89.47368421	10.52631579	0	0	17	2	0
neoq	0	100	0	0	0	2	0	0
neor	0	72.72727273	27.27272727	0	0	8	3	0
neos	0	42.85714286	57.14285714	0	0	6	8	0
neot	0	100	0	0	0	2	0	0
neov	0	100	0	0	0	1	0	0
neoz	0	100	0	0	0	5	0	0
nepa	0	100	0	0	0	6	0	0
nepo	0	100	0	0	0	2	0	0
nepp	2.277432712	97.72256729	0	0	11	472	0	0
nequ	0	100	0	0	0	1	0	0
nera	0	100	0	0	0	22	0	0
nerb	0	100	0	0	0	9	0	0
nere	0	25	75	0	0	1	3	0
neri	0	100	0	0	0	1	0	0
nero	0	100	0	0	0	26	0	0
neru	0	100	0	0	0	6	0	0
nerv	0	100	0	0	0	247	0	0
nesp	0	0	100	0	0	0	4	0
ness	20.42190305	79.57809695	0	0	455	1773	0	0
nest	90.90909091	0	9.090909091	0	10	0	1	0
nett	0	93.16239316	6.837606838	0	0	218	16	0
neur	0	63.04347826	36.95652174	0	0	58	34	0
neut	11.25	85	3.75	0	9	68	3	0
neva	0	100	0	0	0	12	0	0
neve	0	0	100	0	0	0	2	0
nevi	2.702702703	91.89189189	5.405405405	0	1	34	2	0
nevo	0	100	0	0	0	3	0	0
nevr	0	52.63157895	47.36842105	0	0	30	27	0
nevv	0	100	0	0	0	1	0	0
newt	82.92682927	14.63414634	2.43902439	0	34	6	1	0
newy	0	100	0	0	0	33	0	0
niag	0	100	0	0	0	4	0	0
nibb	0	100	0	0	0	3	0	0
nica	0	100	0	0	0	1	0	0
nicc	8.333333333	88.88888889	2.777777778	0	3	32	1	0
nice	0	100	0	0	0	1	0	0
nich	0	52.38095238	47.61904762	0	0	11	10	0
nici	0	100	0	0	0	1	0	0
nico	16.98841699	82.62548263	0.386100386	0	44	214	1	0
nida	0	100	0	0	0	2	0	0
nidi	0	55.55555556	22.22222222	22.22222222	0	10	4	4
nidu	0	0	100	0	0	0	1	0
nien	0	100	0	0	0	1184	0	0
nier	0	100	0	0	0	2	0	0
niet	0	100	0	0	0	1	0	0
niev	0	100	0	0	0	1	0	0
nige	0	100	0	0	0	45	0	0
nigh	100	0	0	0	1	0	0	0
nigr	0	100	0	0	0	8	0	0
nigu	0	100	0	0	0	10	0	0
niko	0	100	0	0	0	5	0	0
nild	0	100	0	0	0	19	0	0
nill	0	100	0	0	0	1	0	0
nime	75	25	0	0	3	1	0	0
nine	0	100	0	0	0	5	0	0
ninf	0	85.71428571	14.28571429	0	0	18	3	0
nini	0	100	0	0	0	1	0	0
ninj	0	100	0	0	0	5	0	0
ninn	0	76.92307692	23.07692308	0	0	10	3	0
nipo	0	100	0	0	0	142	0	0
nipp	0	4	96	0	0	1	24	0
niro	0	100	0	0	0	16	0	0
nirv	0	100	0	0	0	12	0	0
nisc	0	100	0	0	0	1	0	0
nisi	0	50	50	0	0	1	1	0
nisp	0	100	0	0	0	4	0	0
niss	10.52631579	89.47368421	0	0	2	17	0	0
nist	0	100	0	0	0	1	0	0
niti	0	41.37931034	58.62068966	0	0	12	17	0
nito	0	100	0	0	0	6	0	0
nitr	0	75	25	0	0	6	2	0
nitt	0	100	0	0	0	18	0	0
niun	0	100	0	0	0	2	0	0
niva	0	100	0	0	0	1	0	0
nive	0	0	100	0	0	0	10	0
nixo	0	100	0	0	0	16	0	0
nizz	0	100	0	0	0	40	0	0
nobe	0	100	0	0	0	62	0	0
nobi	15.59633028	22.01834862	62.3853211	0	34	48	136	0
nocc	0	25.45454545	74.54545455	0	0	14	41	0
noce	0	90.90909091	9.090909091	0	0	10	1	0
noci	2.941176471	97.05882353	0	0	1	33	0	0
nodo	0	100	0	0	0	3	0	0
nodu	0	0	100	0	0	0	2	0
noem	0	100	0	0	0	5	0	0
noet	0	0	100	0	0	0	2	0
nofe	0	100	0	0	0	1	0	0
noga	0	100	0	0	0	5	0	0
noia	0	100	0	0	0	9	0	0
noio	0	100	0	0	0	57	0	0
nola	0	100	0	0	0	1	0	0
nole	0	100	0	0	0	35	0	0
nolf	0	100	0	0	0	1	0	0
noma	0	7.142857143	92.85714286	0	0	3	39	0
nome	0	100	0	0	0	42	0	0
nomi	1.704545455	56.81818182	41.47727273	0	6	200	146	0
nona	0	100	0	0	0	1	0	0
nonc	96.63865546	3.361344538	0	0	115	4	0	0
nond	0	100	0	0	0	8	0	0
none	0	100	0	0	0	1	0	0
nonn	0	100	0	0	0	312	0	0
nono	0	99.80916031	0.190839695	0	0	523	1	0
nons	0	100	0	0	0	2	0	0
nora	0	100	0	0	0	2	0	0
norb	0	100	0	0	0	15	0	0
norc	0	100	0	0	0	2	0	0
nord	2.97029703	65.34653465	31.68316832	0	3	66	32	0
nore	0	100	0	0	0	6	0	0
norg	0	100	0	0	0	1	0	0
nori	0	100	0	0	0	17	0	0
norm	3.748488513	96.00967352	0.241837969	0	31	794	2	0
norv	0	100	0	0	0	100	0	0
nosc	0	100	0	0	0	2	0	0
nose	0	100	0	0	0	3	0	0
nosf	0	100	0	0	0	1	0	0
nosm	0	100	0	0	0	2	0	0
noso	0	100	0	0	0	4	0	0
noss	0	100	0	0	0	3	0	0
nost	0	99.13867356	0.861326443	0	0	3453	30	0
nota	0	89.97429306	10.02570694	0	0	350	39	0
note	0	23.41463415	76.58536585	0	0	48	157	0
noti	0.154559505	97.52704791	2.318392581	0	1	631	15	0
noto	64.70588235	35.29411765	0	0	33	18	0	0
nott	0	99.30020994	0.699790063	0	0	1419	10	0
nova	3.468208092	91.90751445	4.624277457	0	6	159	8	0
nove	0	97.9020979	2.097902098	0	0	420	9	0
novi	95.57823129	4.421768707	0	0	281	13	0	0
novu	0	100	0	0	0	2	0	0
nozi	0	91.17647059	8.823529412	0	0	31	3	0
nozz	0	98.95287958	1.047120419	0	0	189	2	0
nubi	0	26.66666667	73.33333333	0	0	4	11	0
nuca	0	100	0	0	0	1	0	0
nucc	0	100	0	0	0	9	0	0
nucl	0	47.01195219	52.98804781	0	0	118	133	0
nudi	100	0	0	0	13	0	0	0
nugo	0	0	100	0	0	0	8	0
null	0.951557093	99.04844291	0	0	11	1145	0	0
nulv	0	100	0	0	0	1	0	0
numa	0	100	0	0	0	3	0	0
nume	0	26.59574468	73.40425532	0	0	400	1104	0
numi	0	0	100	0	0	0	2	0
nunn	0	100	0	0	0	1	0	0
nunz	0	100	0	0	0	18	0	0
nuoc	6.25	56.25	37.5	0	2	18	12	0
nuor	0	100	0	0	0	30	0	0
nuot	0.980392157	91.17647059	7.843137255	0	1	93	8	0
nuov	0	100	0	0	0	5017	0	0
nura	0	0	100	0	0	0	1	0
nusc	0	100	0	0	0	2	0	0
nute	0	100	0	0	0	2	0	0
nutr	0.892857143	90.17857143	8.928571429	0	2	202	20	0
nuvo	0	10.28037383	89.71962617	0	0	11	96	0
nuzi	0	100	0	0	0	18	0	0
nuzz	0	100	0	0	0	1	0	0
nylo	0	100	0	0	0	4	0	0
o'ha	0	0	100	0	0	0	4	0
obbe	4.109589041	87.67123288	8.219178082	0	3	64	6	0
obbi	0	100	0	0	0	33	0	0
obbl	2.286902287	54.46985447	42.41164241	0.831600832	11	262	204	4
obbr	0	100	0	0	0	4	0	0
obco	0	0	100	0	0	0	1	0
obel	0	75	25	0	0	6	2	0
ober	11.11111111	66.66666667	22.22222222	0	1	6	2	0
obes	62.5	37.5	0	0	10	6	0	0
obic	0	0	100	0	0	0	1	0
obie	3.518518519	96.2962963	0.185185185	0	19	520	1	0
obit	0	100	0	0	0	14	0	0
obla	0	100	0	0	0	1	0	0
obli	3.703703704	96.2962963	0	0	1	26	0	0
oblu	0	100	0	0	0	6	0	0
obnu	0	100	0	0	0	1	0	0
obol	0	0	100	0	0	0	3	0
obre	100	0	0	0	1	0	0	0
obso	0	100	0	0	0	8	0	0
occa	0	100	0	0	0	884	0	0
occe	0	100	0	0	0	1	0	0
occh	0.053333333	99.89333333	0.053333333	0	1	1873	1	0
occi	0	100	0	0	0	293	0	0
occl	0	100	0	0	0	1	0	0
occo	2.97029703	82.67326733	14.35643564	0	12	334	58	0
occu	2.596153846	75.67307692	16.82692308	4.903846154	27	787	175	51
ocea	0	2.631578947	97.36842105	0	0	3	111	0
oche	0	100	0	0	0	3	0	0
oclo	0	100	0	0	0	1	0	0
ocul	0	94.44444444	5.555555556	0	0	34	2	0
odal	0	100	0	0	0	7	0	0
oddi	0	100	0	0	0	11	0	0
oddo	0	100	0	0	0	7	0	0
odeo	0	0	100	0	0	0	6	0
oder	0	100	0	0	0	1	0	0
odes	0	100	0	0	0	10	0	0
odia	0	87.17948718	12.82051282	0	0	68	10	0
odie	0	100	0	0	0	39	0	0
odil	50	50	0	0	1	1	0	0
odin	0	100	0	0	0	2	0	0
odio	6.451612903	93.5483871	0	0	2	29	0	0
odis	0	100	0	0	0	11	0	0
odoa	0	100	0	0	0	1	0	0
odon	0	53.84615385	46.15384615	0	0	7	6	0
odor	0	99.41520468	0.584795322	0	0	170	1	0
ofan	0	0	100	0	0	0	3	0
ofel	0	100	0	0	0	4	0	0
offa	0	100	0	0	0	2	0	0
offe	0.223713647	94.63087248	5.14541387	0	1	423	23	0
offi	2.173913043	97.82608696	0	0	1	45	0	0
offr	2.909482759	87.82327586	9.267241379	0	27	815	86	0
offu	0	85	15	0	0	17	3	0
ofta	0	0	100	0	0	0	4	0
ogge	1.018675722	98.47198642	0.509337861	0	6	580	3	0
oggi	3.125	96.875	0	0	1	31	0	0
ogil	0	100	0	0	0	13	0	0
ogin	0	100	0	0	0	1	0	0
ogiv	0	100	0	0	0	5	0	0
ogli	0	100	0	0	0	2	0	0
ogni	0	100	0	0	0	5	0	0
ognu	0.803212851	99.19678715	0	0	2	247	0	0
ohib	100	0	0	0	2	0	0	0
okto	100	0	0	0	1	0	0	0
olan	0	100	0	0	0	204	0	0
olbi	0	100	0	0	0	7	0	0
olce	0	100	0	0	0	1	0	0
olea	0	100	0	0	0	14	0	0
oleg	0	100	0	0	0	1	0	0
olei	0	100	0	0	0	1	0	0
oleo	0	87.5	12.5	0	0	7	1	0
olev	0	0	100	0	0	0	2	0
olez	0	100	0	0	0	5	0	0
olfa	0	100	0	0	0	13	0	0
olge	0	100	0	0	0	2	0	0
olgh	0	100	0	0	0	1	0	0
olgi	0	100	0	0	0	15	0	0
olia	0	100	0	0	0	5	0	0
olid	0	100	0	0	0	7	0	0
olie	0	100	0	0	0	1	0	0
olig	0	86.36363636	13.63636364	0	0	19	3	0
olim	0	7.943925234	92.05607477	0	0	17	197	0
olin	0	100	0	0	0	1	0	0
olio	0	100	0	0	0	1	0	0
olis	0	0	100	0	0	0	1	0
oliv	0	89.26553672	10.73446328	0	0	158	19	0
olli	0	100	0	0	0	3	0	0
olme	0	100	0	0	0	2	0	0
oloc	0	100	0	0	0	24	0	0
olof	0	100	0	0	0	1	0	0
olog	0	100	0	0	0	2	0	0
olon	0	100	0	0	0	11	0	0
oltr	0.421407501	98.3986515	1.179941003	0	10	2335	28	0
olym	0	100	0	0	0	3	0	0
omac	0	100	0	0	0	1	0	0
omag	0	100	0	0	0	157	0	0
oman	0	100	0	0	0	3	0	0
ombe	0	100	0	0	0	14	0	0
ombr	0	99.74619289	0.253807107	0	0	393	1	0
omeg	0	100	0	0	0	2	0	0
omel	0	100	0	0	0	9	0	0
omeo	0	43.75	56.25	0	0	7	9	0
omer	40.74074074	33.33333333	25.92592593	0	11	9	7	0
omes	0	100	0	0	0	3	0	0
omet	0	83.33333333	16.66666667	0	0	15	3	0
omic	0	99.75186104	0.248138958	0	0	402	1	0
omig	0	100	0	0	0	2	0	0
omin	0	75	25	0	0	18	6	0
omis	0	100	0	0	0	25	0	0
omni	0	60	40	0	0	9	6	0
omof	0	100	0	0	0	1	0	0
omog	12.24489796	10.20408163	77.55102041	0	6	5	38	0
omol	0	80	20	0	0	20	5	0
omon	0	25.3968254	74.6031746	0	0	16	47	0
omos	23.48484848	76.51515152	0	0	31	101	0	0
omun	0	0	100	0	0	0	3	0
onag	0	100	0	0	0	3	0	0
onan	0	75	25	0	0	3	1	0
onas	0	100	0	0	0	10	0	0
onci	0	100	0	0	0	3	0	0
onco	0	53.33333333	46.66666667	0	0	8	7	0
onda	0	100	0	0	0	64	0	0
onde	0	80.95238095	19.04761905	0	0	17	4	0
ondi	0	72.72727273	27.27272727	0	0	8	3	0
ondo	0	100	0	0	0	3	0	0
ondu	0	100	0	0	0	16	0	0
oneg	80	20	0	0	4	1	0	0
onel	0	100	0	0	0	2	0	0
oner	0	22.03389831	77.96610169	0	0	13	46	0
ones	31.57894737	68.42105263	0	0	48	104	0	0
onga	0	0	100	0	0	0	3	0
onir	0	7.407407407	92.59259259	0	0	2	25	0
onni	0	86.84210526	13.15789474	0	0	33	5	0
onof	0	100	0	0	0	31	0	0
onom	0	0	100	0	0	0	3	0
onon	0	100	0	0	0	1	0	0
onor	0.873362445	76.8558952	22.27074236	0	4	352	102	0
onta	0	100	0	0	0	4	0	0
onto	0	0	100	0	0	0	6	0
opac	3.03030303	96.96969697	0	0	1	32	0	0
opal	0	100	0	0	0	11	0	0
ope'	100	0	0	0	5	0	0	0
oper	0.355082113	58.36662228	39.54727031	1.7310253	8	1315	891	39
opic	0	100	0	0	0	1	0	0
opif	0	100	0	0	0	1	0	0
opim	0	100	0	0	0	1	0	0
opin	0	98.75389408	1.246105919	0	0	317	4	0
opli	0	100	0	0	0	1	0	0
opor	0	100	0	0	0	11	0	0
oppi	0	94.73684211	5.263157895	0	0	18	1	0
oppo	13.93088553	84.01727862	2.051835853	0	129	778	19	0
oppr	0	95.77464789	4.225352113	0	0	68	3	0
oppu	0	99.8502994	0.149700599	0	0	667	1	0
opta	2.631578947	86.84210526	10.52631579	0	1	33	4	0
opti	0	0	100	0	0	0	4	0
opul	0	100	0	0	0	9	0	0
opus	0	0	100	0	0	0	19	0
opzi	0	100	0	0	0	34	0	0
orac	0	14.28571429	85.71428571	0	0	1	6	0
oraf	0	0	100	0	0	0	8	0
oral	0	100	0	0	0	31	0	0
oram	0	100	0	0	0	21	0	0
oran	0	100	0	0	0	4	0	0
orar	0	100	0	0	0	212	0	0
orat	0	100	0	0	0	42	0	0
oraz	0	100	0	0	0	23	0	0
orba	0	100	0	0	0	6	0	0
orbe	0	100	0	0	0	7	0	0
orbi	0	21.15384615	75	3.846153846	0	11	39	2
orch	0	100	0	0	0	248	0	0
orci	0	100	0	0	0	2	0	0
orco	0	100	0	0	0	4	0	0
ordi	2.455871067	34.9961627	62.24098235	0.306983883	32	456	811	4
ordu	0	100	0	0	0	2	0	0
ore'	100	0	0	0	3	0	0	0
orea	100	0	0	0	1	0	0	0
orec	0	99.1902834	0.809716599	0	0	245	2	0
oref	0	30.43478261	69.56521739	0	0	7	16	0
oreg	0	45.45454545	54.54545455	0	0	5	6	0
oren	0	100	0	0	0	1	0	0
ores	0	87.5	12.5	0	0	14	2	0
oret	0	100	0	0	0	8	0	0
orfa	0	26.80412371	73.19587629	0	0	26	71	0
orfe	0	100	0	0	0	19	0	0
orfi	0	0	100	0	0	0	1	0
orga	0.53699284	81.98090692	17.48210024	0	9	1374	293	0
orgi	0	80	20	0	0	8	2	0
orgo	0	98.97959184	1.020408163	0	0	194	2	0
oria	0	100	0	0	0	2	0	0
oric	0	50	50	0	0	1	1	0
orie	0	99.25558313	0.744416873	0	0	400	3	0
orif	0	100	0	0	0	4	0	0
orig	3.494623656	43.5483871	52.82258065	0.134408602	26	324	393	1
orin	14.28571429	85.71428571	0	0	1	6	0	0
orio	0	100	0	0	0	9	0	0
oris	0	100	0	0	0	8	0	0
oriu	0	100	0	0	0	4	0	0
oriz	0	100	0	0	0	155	0	0
orla	0	100	0	0	0	125	0	0
orma	0	100	0	0	0	1203	0	0
orme	0	100	0	0	0	14	0	0
ormo	0	100	0	0	0	49	0	0
orna	0	94.11764706	5.882352941	0	0	48	3	0
orne	2.941176471	97.05882353	0	0	1	33	0	0
orni	0	33.33333333	66.66666667	0	0	2	4	0
orob	0	0	100	0	0	0	2	0
orod	0	100	0	0	0	1	0	0
orof	0	100	0	0	0	1	0	0
orog	0	0	100	0	0	0	3	0
orol	0	100	0	0	0	146	0	0
oron	0	100	0	0	0	7	0	0
orop	0	100	0	0	0	4	0	0
oros	0	0	100	0	0	0	20	0
orpe	0	100	0	0	0	5	0	0
orpi	0	100	0	0	0	1	0	0
orre	0	100	0	0	0	33	0	0
orri	0	19.79166667	80.20833333	0	0	19	77	0
orro	0	99.02912621	0.970873786	0	0	102	1	0
orsa	0	100	0	0	0	9	0	0
orse	0	66.66666667	33.33333333	0	0	4	2	0
orsi	0	100	0	0	0	13	0	0
orso	0	88.23529412	11.76470588	0	0	15	2	0
orta	0	100	0	0	0	22	0	0
orte	0	100	0	0	0	13	0	0
orti	0	81.81818182	18.18181818	0	0	9	2	0
orto	0	84.61538462	15.38461538	0	0	55	10	0
orvi	0	100	0	0	0	5	0	0
orzi	0	100	0	0	0	1	0	0
orzo	0	100	0	0	0	2	0	0
osak	0	100	0	0	0	3	0	0
osan	0	100	0	0	0	13	0	0
osar	0	88.78504673	11.21495327	0	0	95	12	0
osba	0	100	0	0	0	1	0	0
osca	0	100	0	0	0	149	0	0
osce	18.75	81.25	0	0	3	13	0	0
osci	0	83.52941176	16.47058824	0	0	71	14	0
oscu	16.53846154	82.30769231	1.153846154	0	43	214	3	0
osel	0	100	0	0	0	1	0	0
osir	0	66.66666667	33.33333333	0	0	4	2	0
oska	0	100	0	0	0	7	0	0
osla	0	100	0	0	0	2	0	0
osmi	0	100	0	0	0	4	0	0
osmo	0	100	0	0	0	3	0	0
ospe	0	100	0	0	0	528	0	0
ospi	8.542713568	30.48576214	58.45896147	2.512562814	51	182	349	15
ossa	0	100	0	0	0	8	0	0
osse	4.310344828	90.30172414	5.387931034	0	40	838	50	0
ossi	0	58.13953488	41.39534884	0.465116279	0	125	89	1
osso	0	22.22222222	77.77777778	0	0	2	7	0
ossu	0	100	0	0	0	4	0	0
osta	0	36.82008368	60.66945607	2.510460251	0	88	145	6
oste	1.428571429	86.42857143	12.14285714	0	2	121	17	0
osti	17.16738197	80.68669528	2.145922747	0	40	188	5	0
ostr	0	57.77777778	42.22222222	0	0	26	19	0
ostu	0	100	0	0	0	2	0	0
osva	0	100	0	0	0	7	0	0
otar	0	100	0	0	0	1	0	0
otel	0	100	0	0	0	10	0	0
otit	0	100	0	0	0	8	0	0
otok	0	100	0	0	0	2	0	0
otom	0	100	0	0	0	1	0	0
oton	0	100	0	0	0	1	0	0
otor	0	66.66666667	33.33333333	0	0	2	1	0
otos	0	100	0	0	0	1	0	0
otot	0	0	100	0	0	0	1	0
otra	0	0	100	0	0	0	3	0
otri	0	100	0	0	0	1	0	0
otta	0.343642612	98.96907216	0.687285223	0	1	288	2	0
otte	1.473477407	94.40078585	4.125736739	0	15	961	42	0
otti	0	32.54972875	67.45027125	0	0	180	373	0
otto	0	100	0	0	0	552	0	0
ottu	3.846153846	88.46153846	7.692307692	0	1	23	2	0
ovad	0	100	0	0	0	2	0	0
ovai	0	100	0	0	0	2	0	0
oval	0	100	0	0	0	11	0	0
ovar	0	0	100	0	0	0	2	0
ovat	0	100	0	0	0	14	0	0
ovaz	0	100	0	0	0	18	0	0
over	0	100	0	0	0	13	0	0
oves	0	100	0	0	0	81	0	0
ovet	0	100	0	0	0	2	0	0
ovid	0	100	0	0	0	5	0	0
ovie	0	100	0	0	0	2	0	0
ovil	0	100	0	0	0	4	0	0
ovin	0	100	0	0	0	2	0	0
ovoc	0	100	0	0	0	3	0	0
ovoi	0	100	0	0	0	1	0	0
ovul	0	53.33333333	46.66666667	0	0	8	7	0
ovun	0	100	0	0	0	103	0	0
ovve	0	100	0	0	0	156	0	0
ovvi	0.9375	98.4375	0.625	0	3	315	2	0
oxfo	0	100	0	0	0	32	0	0
oxia	0	100	0	0	0	1	0	0
oxil	0	100	0	0	0	3	0	0
ozia	0	100	0	0	0	1	0	0
ozie	0	100	0	0	0	2	0	0
ozio	0	100	0	0	0	17	0	0
ozon	0	100	0	0	0	38	0	0
pa'p	0	0	100	0	0	0	1	0
pabl	0	100	0	0	0	20	0	0
paca	0	100	0	0	0	35	0	0
pacc	0	100	0	0	0	226	0	0
pace	0	100	0	0	0	2	0	0
pach	0	84.61538462	15.38461538	0	0	11	2	0
paci	0	46.71532847	53.28467153	0	0	64	73	0
pada	5.882352941	94.11764706	0	0	2	32	0	0
pade	0	100	0	0	0	57	0	0
padi	0	100	0	0	0	41	0	0
pado	0	33.73493976	66.26506024	0	0	56	110	0
padr	0.344431688	99.59816303	0.057405281	0	6	1735	1	0
padu	0	50	50	0	0	1	1	0
paes	0	99.50980392	0.490196078	0	0	2030	10	0
paff	0	100	0	0	0	4	0	0
paga	2.688172043	89.78494624	7.52688172	0	30	1002	84	0
page	0	100	0	0	0	23	0	0
pagg	0	100	0	0	0	8	0	0
pagi	0	0.560747664	99.43925234	0	0	3	532	0
pagl	0	100	0	0	0	125	0	0
pagn	7.142857143	92.85714286	0	0	1	13	0	0
pago	0	100	0	0	0	6	0	0
paio	0	100	0	0	0	1	0	0
paki	0	30.76923077	69.23076923	0	0	4	9	0
pala	1.284109149	98.47512039	0.240770465	0	16	1227	3	0
palc	0	44.44444444	55.55555556	0	0	92	115	0
pale	0.185528757	97.77365492	2.040816327	0	1	527	11	0
palf	0	100	0	0	0	2	0	0
pali	0	87.5	12.5	0	0	56	8	0
pall	0	77.75919732	22.24080268	0	0	465	133	0
palm	1.507537688	96.98492462	1.507537688	0	3	193	3	0
palo	0	96.66666667	3.333333333	0	0	29	1	0
palp	2.857142857	38.57142857	57.14285714	1.428571429	2	27	40	1
palt	100	0	0	0	1	0	0	0
palu	0	100	0	0	0	35	0	0
pame	0	100	0	0	0	33	0	0
pamp	28.57142857	66.66666667	4.761904762	0	6	14	1	0
pamu	0	100	0	0	0	1	0	0
pana	0	50	50	0	0	25	25	0
panc	0	92.9245283	7.075471698	0	0	197	15	0
pand	3.50877193	96.49122807	0	0	2	55	0	0
pane	0	92.85714286	7.142857143	0	0	52	4	0
panf	0	38.46153846	61.53846154	0	0	5	8	0
pang	0	100	0	0	0	9	0	0
pani	11.03896104	38.31168831	50.64935065	0	17	59	78	0
pann	0.293255132	99.70674487	0	0	1	340	0	0
pano	0	78.65853659	21.34146341	0	0	129	35	0
panp	0	100	0	0	0	1	0	0
pans	0	100	0	0	0	11	0	0
pant	1.181102362	85.43307087	13.38582677	0	3	217	34	0
panu	0	100	0	0	0	15	0	0
panz	0	100	0	0	0	21	0	0
paol	0.449438202	4.943820225	94.60674157	0	4	44	842	0
paon	0	100	0	0	0	6	0	0
papa	7.575757576	74.24242424	18.18181818	0	5	49	12	0
pape	19.81132075	57.54716981	22.64150943	0	21	61	24	0
papi	17.85714286	82.14285714	0	0	5	23	0	0
papo	0	100	0	0	0	11	0	0
papp	0	100	0	0	0	42	0	0
papr	0	0	100	0	0	0	3	0
para	0.876338851	85.2969815	13.82667965	0	9	876	142	0
parc	0.433839479	98.26464208	1.301518438	0	2	453	6	0
pard	60	40	0	0	3	2	0	0
pare	0.376789751	94.42351168	5.199698568	0	5	1253	69	0
parg	0	33.33333333	66.66666667	0	0	1	2	0
pari	11.40024783	87.73234201	0.867410161	0	92	708	7	0
parl	3.112473473	90.70973827	6.177788257	0	132	3847	262	0
parm	0	97.35099338	2.649006623	0	0	294	8	0
parn	0	100	0	0	0	4	0	0
paro	0	99.80443286	0.195567145	0	0	1531	3	0
parq	100	0	0	0	14	0	0	0
parr	0	68.7804878	31.2195122	0	0	141	64	0
pars	0	100	0	0	0	14	0	0
part	1.048431991	95.61143069	2.885507515	0.454629801	113	10305	311	49
paru	0	100	0	0	0	5	0	0
parv	20	80	0	0	2	8	0	0
parz	1.709401709	98.29059829	0	0	2	115	0	0
pasa	0	100	0	0	0	2	0	0
pasc	27.38095238	36.9047619	32.14285714	3.571428571	23	31	27	3
pasd	100	0	0	0	1	0	0	0
pase	0	100	0	0	0	7	0	0
pasi	0	100	0	0	0	23	0	0
paso	0	96.77419355	3.225806452	0	0	30	1	0
pasq	0.465116279	99.53488372	0	0	1	214	0	0
pass	3.062635843	92.78798656	4.149377593	0	155	4696	210	0
past	0.210084034	99.78991597	0	0	1	475	0	0
pata	2.205882353	96.32352941	1.470588235	0	3	131	2	0
patc	0	100	0	0	0	2	0	0
pate	13.76146789	70.64220183	15.59633028	0	30	154	34	0
path	0	100	0	0	0	5	0	0
pati	0	77.14285714	22.85714286	0	0	81	24	0
pato	0	65.625	34.375	0	0	42	22	0
patr	3.448275862	93.74201788	2.809706258	0	27	734	22	0
patt	0	96.09544469	3.904555315	0	0	443	18	0
paul	0	100	0	0	0	15	0	0
paup	0	66.66666667	33.33333333	0	0	2	1	0
paur	0	100	0	0	0	729	0	0
paus	0	100	0	0	0	113	0	0
pava	1.5625	98.4375	0	0	1	63	0	0
pave	0	92	8	0	0	23	2	0
pavi	0	98.29545455	1.704545455	0	0	173	3	0
pavl	0	100	0	0	0	5	0	0
pavo	0	100	0	0	0	29	0	0
pazi	0	100	0	0	0	378	0	0
pazz	0	100	0	0	0	243	0	0
pe'n	0	0	100	0	0	0	1	0
pe't	0	100	0	0	0	2	0	0
pean	0	100	0	0	0	1	0	0
pecc	0.390625	98.046875	1.5625	0	1	251	4	0
pece	0	100	0	0	0	2	0	0
pech	0	100	0	0	0	42	0	0
peco	0	24.41860465	75.58139535	0	0	21	65	0
pect	0	0	100	0	0	0	16	0
pecu	45.94594595	54.05405405	0	0	17	20	0	0
peda	0.578034682	87.86127168	11.56069364	0	1	152	20	0
pede	0	75	25	0	0	3	1	0
pedi	11.26760563	69.01408451	19.71830986	0	8	49	14	0
pedo	0	92.10526316	7.894736842	0	0	35	3	0
pedr	2.040816327	97.95918367	0	0	1	48	0	0
pedu	72.72727273	18.18181818	9.090909091	0	8	2	1	0
pega	0	0	100	0	0	0	11	0
pegg	4.943820225	93.25842697	1.797752809	0	22	415	8	0
pegn	0	100	0	0	0	10	0	0
pela	0	88.23529412	11.76470588	0	0	30	4	0
peli	0	33.33333333	66.66666667	0	0	1	2	0
pell	0	85.47979798	14.52020202	0	0	677	115	0
pelm	0	100	0	0	0	1	0	0
pelo	0	100	0	0	0	18	0	0
pelt	0	100	0	0	0	1	0	0
pelu	0	100	0	0	0	14	0	0
pelv	0	0	100	0	0	0	3	0
pena	1.606425703	96.78714859	1.606425703	0	4	241	4	0
pend	0	74.6835443	25.3164557	0	0	118	40	0
pene	3.100775194	71.31782946	19.37984496	6.201550388	4	92	25	8
peni	0	59.57446809	40.42553191	0	0	56	38	0
penn	0	100	0	0	0	165	0	0
peno	0	100	0	0	0	39	0	0
pens	2.79684719	91.07551487	6.127637935	0	110	3582	241	0
pent	1.507537688	75.6281407	22.86432161	0	6	301	91	0
penu	0	10	90	0	0	3	27	0
penz	0	80	6.666666667	13.33333333	0	12	1	2
pepa	0	93.93939394	6.060606061	0	0	31	2	0
pepe	0	100	0	0	0	44	0	0
pepi	0	100	0	0	0	1	0	0
pepl	0	100	0	0	0	3	0	0
pepp	6.060606061	87.87878788	6.060606061	0	2	29	2	0
peps	0	72.72727273	27.27272727	0	0	8	3	0
pept	0	90	10	0	0	9	1	0
pera	0.787401575	99.21259843	0	0	1	126	0	0
perb	0	100	0	0	0	30	0	0
perc	89.14020792	9.497049733	1.362742343	0	6345	676	97	0
perd	0.895140665	66.96504689	32.13981245	0	21	1571	754	0
pere	0.694444444	95.83333333	3.472222222	0	1	138	5	0
perf	0.598802395	96.70658683	2.694610778	0	6	969	27	0
perg	0	85.96491228	14.03508772	0	0	49	8	0
peri	1.339285714	36.43973214	62.22098214	0	24	653	1115	0
perl	10.1010101	86.86868687	3.03030303	0	10	86	3	0
perm	3.685741998	71.19301649	25.12124151	0	38	734	259	0
pern	2.564102564	97.43589744	0	0	1	38	0	0
pero	0	95.23809524	4.761904762	0	0	20	1	0
perp	37.32394366	57.74647887	3.521126761	1.408450704	53	82	5	2
perq	1.19047619	97.61904762	1.19047619	0	1	82	1	0
perr	0	100	0	0	0	23	0	0
pers	4.212020823	94.67581637	0.99384761	0.118315192	178	4001	42	5
pert	0	94.82758621	5.172413793	0	0	110	6	0
peru	0	100	0	0	0	75	0	0
perv	0.662251656	94.70198675	4.635761589	0	1	143	7	0
pesa	0.632911392	85.8649789	13.5021097	0	3	407	64	0
pesc	0.278551532	97.91086351	1.810584958	0	2	703	13	0
pese	0	100	0	0	0	14	0	0
pesi	0	100	0	0	0	3	0	0
pesk	0	100	0	0	0	1	0	0
pess	0	48.21428571	51.78571429	0	0	54	58	0
pest	0.763358779	92.36641221	6.870229008	0	1	121	9	0
peta	0	49.09090909	50.90909091	0	0	27	28	0
pete	0	100	0	0	0	161	0	0
peti	17.39130435	82.60869565	0	0	4	19	0	0
peto	0	0	100	0	0	0	1	0
petr	0	84.05797101	15.94202899	0	0	174	33	0
pett	0	84.18803419	15.81196581	0	0	197	37	0
petu	0	100	0	0	0	12	0	0
peve	0	100	0	0	0	4	0	0
pezz	0	100	0	0	0	597	0	0
phot	0	0	100	0	0	0	1	0
piac	0.85413929	84.82260184	14.32325887	0	13	1291	218	0
piad	0	100	0	0	0	3	0	0
piag	0	98.52941176	1.470588235	0	0	67	1	0
pial	14.28571429	85.71428571	0	0	1	6	0	0
pian	0.535640709	93.61351463	5.850844664	0	13	2272	142	0
piar	0	100	0	0	0	1	0	0
pias	0	97.2972973	2.702702703	0	0	36	1	0
piat	0	100	0	0	0	344	0	0
piav	0	100	0	0	0	18	0	0
piaz	0.132275132	99.27248677	0.595238095	0	2	1501	9	0
pica	0	97.61904762	2.380952381	0	0	41	1	0
picc	0.192233756	13.22568243	86.58208381	0	5	344	2252	0
pice	0	100	0	0	0	16	0	0
pich	0	66.66666667	33.33333333	0	0	2	1	0
picn	100	0	0	0	9	0	0	0
pico	0	100	0	0	0	8	0	0
pide	0	100	0	0	0	2	0	0
pidi	0	100	0	0	0	86	0	0
pido	0	100	0	0	0	5	0	0
pidu	0	100	0	0	0	4	0	0
pied	0	100	0	0	0	805	0	0
pieg	3.608247423	86.08247423	10.30927835	0	7	167	20	0
piem	0	100	0	0	0	156	0	0
pien	0	100	0	0	0	1050	0	0
piep	0	0	100	0	0	0	7	0
pier	0.304878049	97.25609756	2.43902439	0	1	319	8	0
piet	6.011450382	93.60687023	0.381679389	0	63	981	4	0
piev	0	100	0	0	0	15	0	0
pifa	0	100	0	0	0	1	0	0
pife	0	0	100	0	0	0	1	0
piff	0	100	0	0	0	5	0	0
pigi	2.777777778	94.44444444	2.777777778	0	1	34	1	0
pigl	0	84.84848485	15.15151515	0	0	28	5	0
pigm	0	100	0	0	0	13	0	0
pign	0	100	0	0	0	31	0	0
pigo	0	100	0	0	0	5	0	0
pigr	0	100	0	0	0	56	0	0
pila	32.5	67.5	0	0	13	27	0	0
pile	0	100	0	0	0	1	0	0
pili	0	33.33333333	66.66666667	0	0	1	2	0
pill	0	30.68181818	69.31818182	0	0	27	61	0
pilo	0	98.94366197	1.056338028	0	0	281	3	0
pils	100	0	0	0	1	0	0	0
pilu	0	100	0	0	0	5	0	0
pimp	0	100	0	0	0	4	0	0
pina	0	100	0	0	0	27	0	0
pinc	3.448275862	96.55172414	0	0	1	28	0	0
pind	0	0	100	0	0	0	1	0
pine	0	100	0	0	0	37	0	0
ping	0	94.44444444	5.555555556	0	0	17	1	0
pini	0	100	0	0	0	10	0	0
pinn	5.882352941	76.47058824	17.64705882	0	1	13	3	0
pino	6.666666667	93.33333333	0	0	4	56	0	0
pint	0	96.55172414	3.448275862	0	0	28	1	0
pinu	0	100	0	0	0	1	0	0
pinz	10.52631579	89.47368421	0	0	2	17	0	0
piog	0	100	0	0	0	193	0	0
piol	0	100	0	0	0	5	0	0
piom	2.054794521	95.89041096	2.054794521	0	3	140	3	0
pion	0	91.66666667	8.333333333	0	0	22	2	0
piop	0	100	0	0	0	3	0	0
piov	8.270676692	61.65413534	30.07518797	0	11	82	40	0
pipe	0	100	0	0	0	1	0	0
pipi	4.166666667	95.83333333	0	0	1	23	0	0
pipp	1.204819277	98.79518072	0	0	1	82	0	0
pira	0	80.34188034	19.65811966	0	0	94	23	0
pire	0	91.07142857	8.928571429	0	0	51	5	0
piri	0	50	50	0	0	1	1	0
pirl	0	100	0	0	0	6	0	0
pirm	100	0	0	0	1	0	0	0
piro	6	26	68	0	3	13	34	0
pirr	0	100	0	0	0	8	0	0
pirz	0	100	0	0	0	1	0	0
pisa	0	100	0	0	0	42	0	0
pisc	0	96.3963964	3.603603604	0	0	107	4	0
pise	0	100	0	0	0	14	0	0
pisi	0	100	0	0	0	2	0	0
piso	0	72.22222222	27.77777778	0	0	13	5	0
piss	0	100	0	0	0	3	0	0
pist	0	100	0	0	0	598	0	0
pita	0	44.44444444	55.55555556	0	0	4	5	0
pito	0	83.33333333	16.66666667	0	0	5	1	0
pitr	100	0	0	0	1	0	0	0
pitt	2.605863192	90.87947883	6.51465798	0	8	279	20	0
pium	0	100	0	0	0	58	0	0
piut	0	100	0	0	0	674	0	0
pive	0	100	0	0	0	55	0	0
pivo	0	0	100	0	0	0	1	0
pizz	0.465116279	78.60465116	20.93023256	0	1	169	45	0
plac	2.083333333	63.54166667	34.375	0	2	61	33	0
plag	0	100	0	0	0	25	0	0
plan	0	91.78082192	8.219178082	0	0	67	6	0
plas	4.624277457	17.34104046	78.03468208	0	8	30	135	0
plat	13.66459627	72.04968944	14.28571429	0	22	116	23	0
plau	2.222222222	51.11111111	46.66666667	0	1	23	21	0
pleb	0	100	0	0	0	28	0	0
plec	0	0	100	0	0	0	1	0
plei	0	100	0	0	0	2	0	0
plen	0	100	0	0	0	20	0	0
pleo	0	0	100	0	0	0	1	0
plet	0	25	75	0	0	1	3	0
plex	100	0	0	0	2	0	0	0
plic	0	100	0	0	0	3	0	0
plin	0	100	0	0	0	21	0	0
plis	0	100	0	0	0	1	0	0
plot	0	100	0	0	0	19	0	0
pluc	0	100	0	0	0	1	0	0
plum	0	0	100	0	0	0	8	0
plur	12.19512195	75.6097561	12.19512195	0	10	62	10	0
plus	0	100	0	0	0	5	0	0
plut	0	100	0	0	0	9	0	0
pluv	0	100	0	0	0	5	0	0
pneu	0	7.843137255	92.15686275	0	0	4	47	0
poca	0	100	0	0	0	2	0	0
poch	0	100	0	0	0	52	0	0
poco	0	91.33416459	8.665835411	0	0	1465	139	0
pocu	0	100	0	0	0	2	0	0
pode	40.81632653	59.18367347	0	0	20	29	0	0
podg	0	66.66666667	33.33333333	0	0	2	1	0
podi	0	98.41269841	1.587301587	0	0	62	1	0
podo	0	0	100	0	0	0	1	0
poem	0	100	0	0	0	20	0	0
poes	0	100	0	0	0	155	0	0
poet	0	73.66255144	26.33744856	0	0	179	64	0
pogg	0.961538462	95.19230769	3.846153846	0	1	99	4	0
pogl	0	100	0	0	0	4	0	0
poia	0	100	0	0	0	1	0	0
poic	100	0	0	0	348	0	0	0
poke	0	95.23809524	4.761904762	0	0	20	1	0
pola	2.777777778	97.22222222	0	0	3	105	0	0
polc	0	100	0	0	0	1	0	0
pole	0	11.24744376	88.75255624	0	0	55	434	0
poli	0.313643492	29.92681652	69.75953999	0	12	1145	2669	0
polj	0	100	0	0	0	6	0	0
polk	0	100	0	0	0	6	0	0
poll	0	63.51351351	36.48648649	0	0	94	54	0
polm	0	100	0	0	0	73	0	0
polo	0	100	0	0	0	64	0	0
polp	0	100	0	0	0	65	0	0
pols	0	100	0	0	0	68	0	0
polt	0	98.38709677	1.612903226	0	0	183	3	0
polv	0.529100529	21.16402116	78.30687831	0	1	40	148	0
poma	0	80	20	0	0	4	1	0
pome	0	100	0	0	0	610	0	0
pomi	0	97.14285714	2.857142857	0	0	34	1	0
pomo	0	98.92473118	1.075268817	0	0	92	1	0
pomp	2.362204724	96.8503937	0.787401575	0	3	123	1	0
ponc	0	100	0	0	0	2	0	0
pond	0	100	0	0	0	11	0	0
pone	0	100	0	0	0	7	0	0
pont	0.512820513	88.46153846	11.02564103	0	2	345	43	0
ponz	0	100	0	0	0	9	0	0
popo	4.170008019	64.31435445	31.51563753	0	52	802	393	0
popp	0	100	0	0	0	58	0	0
popu	0	96.2962963	3.703703704	0	0	26	1	0
pora	0	100	0	0	0	1	0	0
porc	0	100	0	0	0	88	0	0
pord	0	100	0	0	0	21	0	0
pore	0	100	0	0	0	3	0	0
porf	0	77.77777778	22.22222222	0	0	7	2	0
porg	7.843137255	58.82352941	33.33333333	0	4	30	17	0
porn	19.35483871	65.59139785	15.05376344	0	18	61	14	0
poro	66.66666667	33.33333333	0	0	2	1	0	0
porp	0	35	65	0	0	7	13	0
porr	0.692840647	89.6073903	9.699769053	0	3	388	42	0
port	3.74569751	89.59303503	6.661267463	0	185	4425	329	0
porz	0	96.96969697	3.03030303	0	0	64	2	0
posa	1.612903226	86.29032258	12.09677419	0	2	107	15	0
posc	0	100	0	0	0	1	0	0
posi	0.20242915	99.08906883	0.708502024	0	2	979	7	0
posp	0	100	0	0	0	2	0	0
poss	25.72559367	17.85400176	56.42040457	0	585	406	1283	0
post	0.093676815	98.22014052	1.68618267	0	2	2097	36	0
pota	0	71.11111111	28.88888889	0	0	32	13	0
pote	10.39434205	70.55293613	19.05272182	0	970	6584	1778	0
pove	7.936507937	10.31746032	81.74603175	0	50	65	515	0
pozi	0	100	0	0	0	4	0	0
pozz	0	94.06779661	5.93220339	0	0	111	7	0
prac	0	100	0	0	0	2	0	0
prad	0	100	0	0	0	17	0	0
prag	1.492537313	67.1641791	31.34328358	0	1	45	21	0
pral	0	100	0	0	0	1	0	0
pram	0	40	60	0	0	2	3	0
pran	0.401606426	97.59036145	2.008032129	0	1	243	5	0
pras	0	97.61904762	2.380952381	0	0	41	1	0
prat	1.074380165	42.80991736	55.20661157	0.909090909	13	518	668	11
prav	0	100	0	0	0	10	0	0
prea	1.960784314	80.39215686	17.64705882	0	2	82	18	0
preb	0	100	0	0	0	3	0	0
prec	2.082324455	94.47941889	2.953995157	0.484261501	43	1951	61	10
pred	0.716845878	92.65232975	6.451612903	0.17921147	4	517	36	1
pree	0	100	0	0	0	25	0	0
pref	1.595744681	89.36170213	9.042553191	0	18	1008	102	0
preg	2.02020202	93.6026936	4.04040404	0.336700337	12	556	24	2
prei	0	45.71428571	54.28571429	0	0	16	19	0
prel	0	97.9338843	2.066115702	0	0	237	5	0
prem	0.416666667	95.9375	3.645833333	0	4	921	35	0
pren	1.454437519	72.63282873	24.48797863	1.42475512	49	2447	825	48
preo	0.933125972	83.82581649	12.13063764	3.110419907	6	539	78	20
prep	1.441812564	92.37899073	6.179196704	0	14	897	60	0
preq	0	0	100	0	0	0	1	0
prer	0	100	0	0	0	39	0	0
pres	1.849875489	93.03925056	5.099015771	0.011858176	156	7846	430	1
pret	0.689655172	85	14.31034483	0	4	493	83	0
prev	0.279485746	91.78311906	7.937395193	0	5	1642	142	0
prez	0.516528926	93.28512397	6.198347107	0	5	903	60	0
pri'	0	0	100	0	0	0	2	0
pria	0	0	100	0	0	0	10	0
prig	0	100	0	0	0	203	0	0
prim	0.009344921	99.41126997	0.579385104	0	1	10638	62	0
prin	0.147058824	75.36764706	24.48529412	0	2	1025	333	0
prio	44.55445545	55.44554455	0	0	45	56	0	0
pris	0	94.73684211	5.263157895	0	0	18	1	0
priv	0.328947368	98.4375	1.233552632	0	4	1197	15	0
priz	0	100	0	0	0	2	0	0
prob	3.423626787	88.75094056	7.825432656	0	91	2359	208	0
proc	0.912584054	89.81748319	9.221902017	0.04803074	19	1870	192	1
prod	1.430030644	94.17773238	4.341164454	0.051072523	28	1844	85	1
prof	5.696202532	88.42676311	5.877034358	0	126	1956	130	0
prog	0.209907641	96.55751469	3.232577666	0	5	2300	77	0
proi	0.487804878	79.02439024	20.48780488	0	2	324	84	0
prol	1.97044335	84.2364532	11.8226601	1.97044335	4	171	24	4
prom	0.818926297	87.98908098	11.19199272	0	9	967	123	0
pron	1.466781708	94.73684211	3.796376186	0	17	1098	44	0
prop	3.54408846	86.94357811	9.512333428	0	250	6133	671	0
pror	0	48.61111111	51.38888889	0	0	35	37	0
pros	4.635761589	40.85583291	54.20275089	0.30565461	91	802	1064	6
prot	1.066666667	86.18666667	12.74666667	0	20	1616	239	0
prov	1.56374238	93.53299761	4.346673734	0.556586271	59	3529	164	21
proz	20	80	0	0	1	4	0	0
prud	0	100	0	0	0	132	0	0
prug	0	100	0	0	0	14	0	0
prun	0	100	0	0	0	3	0	0
prur	0	100	0	0	0	6	0	0
prus	0	90	10	0	0	9	1	0
pruz	0	100	0	0	0	2	0	0
pseu	0	40	60	0	0	12	18	0
psic	0.138121547	34.39226519	65.46961326	0	1	249	474	0
psor	0	0	100	0	0	0	4	0
pubb	6.428811848	25.00841468	68.56277348	0	191	743	2037	0
pube	100	0	0	0	4	0	0	0
publ	0	84.61538462	15.38461538	0	0	22	4	0
pucc	0	100	0	0	0	43	0	0
pudi	0	100	0	0	0	9	0	0
pudo	0	100	0	0	0	40	0	0
pueg	0	100	0	0	0	1	0	0
puer	0	75	25	0	0	9	3	0
puff	0	100	0	0	0	6	0	0
pugg	0	100	0	0	0	1	0	0
pugi	0	32.75862069	67.24137931	0	0	19	39	0
pugl	0	100	0	0	0	80	0	0
pugn	0	100	0	0	0	197	0	0
pulc	0	100	0	0	0	35	0	0
pule	0	75	25	0	0	3	1	0
pulg	0	100	0	0	0	1	0	0
puli	0	98.76033058	1.239669421	0	0	478	6	0
pull	0	65.51724138	17.24137931	17.24137931	0	19	5	5
pulm	0	100	0	0	0	9	0	0
pulp	0	0	100	0	0	0	14	0
puls	0	98.4375	1.5625	0	0	63	1	0
pulv	0	88.88888889	11.11111111	0	0	16	2	0
pulz	0	100	0	0	0	1	0	0
punc	0	100	0	0	0	2	0	0
pung	0	81.63265306	16.32653061	2.040816327	0	40	8	1
puni	1.746724891	93.44978166	4.80349345	0	4	214	11	0
punk	0	100	0	0	0	1	0	0
punt	0.906697865	98.09885932	0.99444282	0	31	3354	34	0
punz	0	100	0	0	0	11	0	0
pupa	0	95	5	0	0	19	1	0
pupe	0	100	0	0	0	6	0	0
pupi	0	100	0	0	0	30	0	0
pupp	0	100	0	0	0	1	0	0
pura	0	100	0	0	0	28	0	0
purc	97.59036145	2.409638554	0	0	81	2	0	0
pure	0	100	0	0	0	30	0	0
purg	0	100	0	0	0	18	0	0
puri	0	87.09677419	11.29032258	1.612903226	0	54	7	1
puro	0	100	0	0	0	8	0	0
purp	0	0	100	0	0	0	6	0
purt	0	100	0	0	0	279	0	0
puru	0	100	0	0	0	1	0	0
pusc	0	100	0	0	0	2	0	0
pusi	0	50	50	0	0	1	1	0
puta	0	100	0	0	0	2	0	0
puti	0	100	0	0	0	6	0	0
putr	0	75	25	0	0	15	5	0
putt	0	100	0	0	0	35	0	0
puvi	100	0	0	0	1	0	0	0
puzz	0	90.69767442	9.302325581	0	0	39	4	0
quac	0	33.33333333	66.66666667	0	0	1	2	0
quad	0	97.4137931	2.586206897	0	0	678	18	0
quag	58.06451613	41.93548387	0	0	18	13	0	0
qual	4.529826371	91.490459	3.971119134	0.008595496	527	10644	462	1
quan	2.335456476	97.49692703	0.167616493	0	209	8725	15	0
quar	3.048780488	94.86062718	2.090592334	0	35	1089	24	0
quas	0.390243902	99.51219512	0.097560976	0	8	2040	2	0
quat	0	95.19538757	4.804612428	0	0	1486	75	0
quaz	0	0	100	0	0	0	1	0
queg	0	100	0	0	0	2	0	0
quel	0	100	0	0	0	9917	0	0
quer	0	99.13793103	0.862068966	0	0	115	1	0
ques	0	100	0	0	0	14490	0	0
quie	0	98.57142857	1.428571429	0	0	69	1	0
quin	0	88.68501529	11.31498471	0	0	1740	222	0
quir	0	100	0	0	0	100	0	0
quis	0	100	0	0	0	5	0	0
quit	0	100	0	0	0	1	0	0
quiv	0	100	0	0	0	1	0	0
quiz	0	100	0	0	0	3	0	0
quor	0	100	0	0	0	12	0	0
quot	1.209189843	98.79081016	0	0	10	817	0	0
quoz	0	100	0	0	0	8	0	0
raba	28.57142857	57.14285714	14.28571429	0	2	4	1	0
rabb	4.219409283	95.35864979	0.421940928	0	10	226	1	0
rabd	0	100	0	0	0	3	0	0
rabi	92	6.666666667	1.333333333	0	69	5	1	0
rabo	0	100	0	0	0	4	0	0
racc	2.720637027	87.19309887	10.0862641	0	82	2628	304	0
race	0	100	0	0	0	1	0	0
rach	0	85.71428571	14.28571429	0	0	6	1	0
raci	0	88.88888889	11.11111111	0	0	8	1	0
rack	0	100	0	0	0	34	0	0
rada	0	100	0	0	0	34	0	0
radd	7.086614173	91.33858268	1.57480315	0	9	116	2	0
rade	0	60	40	0	0	12	8	0
radh	0	100	0	0	0	1	0	0
radi	1.112347052	92.43604004	6.451612903	0	10	831	58	0
radj	0	100	0	0	0	6	0	0
rado	100	0	0	0	5	0	0	0
radu	1.162790698	89.53488372	9.302325581	0	1	77	8	0
rafa	66.66666667	0	33.33333333	0	8	0	4	0
raff	0.275103164	89.27097662	10.45392022	0	2	649	76	0
rafi	0	100	0	0	0	16	0	0
raga	0	100	0	0	0	2259	0	0
ragg	1.416430595	70.32577904	28.25779037	0	20	993	399	0
ragi	1.310861423	93.07116105	5.617977528	0	14	994	60	0
ragl	0	100	0	0	0	3	0	0
ragn	0	100	0	0	0	61	0	0
rago	0	100	0	0	0	5	0	0
ragu	0	100	0	0	0	3	0	0
raid	0	100	0	0	0	40	0	0
raim	0	100	0	0	0	27	0	0
rait	100	0	0	0	42	0	0	0
raiu	0	100	0	0	0	81	0	0
rall	5.633802817	86.61971831	7.746478873	0	8	123	11	0
rama	0	100	0	0	0	21	0	0
ramb	0	100	0	0	0	24	0	0
rame	0	100	0	0	0	20	0	0
rami	0	95	5	0	0	19	1	0
ramm	4.761904762	54.76190476	40.47619048	0	4	46	34	0
ramo	0	100	0	0	0	12	0	0
ramp	0	100	0	0	0	90	0	0
rams	0	100	0	0	0	2	0	0
ramu	0	100	0	0	0	1	0	0
ranc	0	97.95918367	2.040816327	0	0	48	1	0
rand	0	97.22222222	2.777777778	0	0	35	1	0
rang	0	100	0	0	0	39	0	0
rani	0	100	0	0	0	66	0	0
rann	0	77.77777778	22.22222222	0	0	7	2	0
rano	4.761904762	95.23809524	0	0	1	20	0	0
rant	0	47.61904762	52.38095238	0	0	10	11	0
ranu	0	66.66666667	33.33333333	0	0	6	3	0
ranz	0	100	0	0	0	3	0	0
rapa	0	100	0	0	0	31	0	0
rape	0	100	0	0	0	1	0	0
rapi	4.913678619	69.32270916	25.76361222	0	37	522	194	0
rapp	0.636132316	93.89312977	5.470737913	0	15	2214	129	0
raps	0	71.42857143	28.57142857	0	0	5	2	0
rapt	0	100	0	0	0	26	0	0
rara	0	100	0	0	0	57	0	0
rare	0	100	0	0	0	17	0	0
rari	100	0	0	0	16	0	0	0
raro	0	100	0	0	0	2	0	0
rasa	6.25	93.75	0	0	2	30	0	0
rasc	12.5	87.5	0	0	2	14	0	0
rase	0	85.71428571	14.28571429	0	0	12	2	0
raso	0	100	0	0	0	33	0	0
rasp	0	100	0	0	0	5	0	0
rass	2.43902439	94.01330377	3.54767184	0	11	424	16	0
rast	0	100	0	0	0	35	0	0
rate	0	100	0	0	0	7	0	0
rati	2.083333333	50	47.91666667	0	1	24	23	0
ratt	14.63414634	75.6097561	9.756097561	0	6	31	4	0
rauc	0	100	0	0	0	16	0	0
raut	0	100	0	0	0	10	0	0
rava	0	92.68292683	7.317073171	0	0	38	3	0
rave	0	75	25	0	0	48	16	0
ravi	9.523809524	90.47619048	0	0	2	19	0	0
ravv	1.315789474	96.05263158	2.631578947	0	1	73	2	0
razi	11.66666667	85.83333333	2.5	0	14	103	3	0
razz	0	98.57651246	1.067615658	0.355871886	0	277	3	1
re'g	100	0	0	0	2	0	0	0
re't	100	0	0	0	1	0	0	0
read	0	100	0	0	0	2	0	0
reag	5.098039216	89.41176471	5.490196078	0	13	228	14	0
real	44.66474405	53.35255948	1.982696467	0	1239	1480	55	0
ream	0	100	0	0	0	8	0	0
reat	2.978723404	97.0212766	0	0	7	228	0	0
reaz	0	100	0	0	0	314	0	0
rebb	0	100	0	0	0	3	0	0
rebe	5.555555556	94.44444444	0	0	1	17	0	0
rebi	0	100	0	0	0	11	0	0
rebo	0	60	40	0	0	3	2	0
rebu	0	100	0	0	0	17	0	0
reca	3.703703704	82.71604938	13.16872428	0.411522634	9	201	32	1
recc	0	100	0	0	0	8	0	0
rece	0	97.63888889	2.361111111	0	0	703	17	0
reci	1.829268293	61.38211382	34.95934959	1.829268293	9	302	172	9
recl	1.307189542	83.00653595	15.03267974	0.653594771	2	127	23	1
reco	0	53.84615385	46.15384615	0	0	7	6	0
recr	0	93.33333333	6.666666667	0	0	14	1	0
rect	0	100	0	0	0	1	0	0
recu	0.240963855	52.04819277	45.78313253	1.927710843	1	216	190	8
reda	0.680272109	99.31972789	0	0	1	146	0	0
redd	4.8	8	87.2	0	12	20	218	0
rede	0	100	0	0	0	17	0	0
redi	4.285714286	60	35.71428571	0	3	42	25	0
redo	0	66.66666667	33.33333333	0	0	2	1	0
redu	0	0	100	0	0	0	45	0
refe	0	100	0	0	0	292	0	0
refl	0	100	0	0	0	1	0	0
refo	0	0	100	0	0	0	3	0
refr	4.761904762	95.23809524	0	0	1	20	0	0
refu	0	100	0	0	0	7	0	0
rega	2.985074627	92.75053305	4.264392324	0	14	435	20	0
rege	0	100	0	0	0	1	0	0
regg	1.101321586	87.44493392	11.45374449	0	5	397	52	0
regi	0.162601626	98.82113821	1.016260163	0	4	2431	25	0
regn	2.02020202	96.96969697	1.01010101	0	4	192	2	0
rego	2.789518174	49.11242604	46.49196957	1.606086221	33	581	550	19
regr	6.666666667	86.66666667	6.666666667	0	1	13	1	0
regu	0	100	0	0	0	2	0	0
reid	0	100	0	0	0	3	0	0
reie	0	100	0	0	0	5	0	0
reim	0	91.66666667	8.333333333	0	0	11	1	0
rein	0	87.90322581	12.09677419	0	0	109	15	0
reis	0	100	0	0	0	1	0	0
reit	3.448275862	89.65517241	3.448275862	3.448275862	1	26	1	1
rela	5.144291092	94.85570891	0	0	41	756	0	0
rele	0	84.09090909	15.90909091	0	0	37	7	0
reli	2.417582418	97.58241758	0	0	11	444	0	0
rell	0	100	0	0	0	4	0	0
rema	0	90.90909091	9.090909091	0	0	10	1	0
remi	8	92	0	0	2	23	0	0
remo	0	97.56097561	2.43902439	0	0	80	2	0
remu	0	91.66666667	8.333333333	0	0	22	2	0
rena	32.33532934	66.46706587	1.19760479	0	54	111	2	0
rend	2.427184466	44.27184466	52.23300971	1.067961165	25	456	538	11
rene	0	100	0	0	0	2	0	0
reni	0	100	0	0	0	6	0	0
renn	0	100	0	0	0	2	0	0
reno	0	100	0	0	0	1	0	0
renz	0	100	0	0	0	73	0	0
repa	0	100	0	0	0	162	0	0
repe	2.97029703	89.6039604	7.425742574	0	6	181	15	0
repl	17.60797342	34.2192691	46.17940199	1.993355482	53	103	139	6
repo	0	100	0	0	0	1	0	0
repr	0	88.29787234	11.70212766	0	0	83	11	0
repu	0	31.61764706	68.1372549	0.245098039	0	258	556	2
requ	0.934579439	99.06542056	0	0	1	106	0	0
resc	0	80	20	0	0	4	1	0
resi	0.276243094	76.38121547	23.34254144	0	2	553	169	0
reso	0	100	0	0	0	23	0	0
resp	26.26865672	36.11940299	37.6119403	0	352	484	504	0
ress	0	100	0	0	0	19	0	0
rest	4.077950198	87.11656442	8.769397329	0.036088055	113	2414	243	1
resu	4.651162791	88.37209302	6.976744186	0	2	38	3	0
reta	0	100	0	0	0	29	0	0
rete	0	100	0	0	0	31	0	0
reti	0	92.15686275	7.843137255	0	0	47	4	0
reto	0	3.333333333	96.66666667	0	0	2	58	0
retr	2.127659574	94.32624113	3.546099291	0	6	266	10	0
rett	0	75.3164557	24.6835443	0	0	119	39	0
reuc	0	100	0	0	0	1	0	0
reum	0	53.33333333	46.66666667	0	0	8	7	0
reva	0	100	0	0	0	1	0	0
reve	9.375	75	15.625	0	3	24	5	0
revi	0	100	0	0	0	92	0	0
revl	100	0	0	0	6	0	0	0
revo	3.947368421	69.73684211	26.31578947	0	3	53	20	0
rezz	0	0	100	0	0	0	7	0
riab	5.882352941	88.23529412	3.921568627	1.960784314	3	45	2	1
riac	5.263157895	80	14.73684211	0	5	76	14	0
riad	0	100	0	0	0	9	0	0
riaf	1.886792453	83.01886792	15.09433962	0	1	44	8	0
riag	5.263157895	78.94736842	15.78947368	0	1	15	3	0
rial	6.306306306	86.48648649	7.207207207	0	7	96	8	0
riam	0	72.72727273	27.27272727	0	0	8	3	0
rian	0	90.56603774	9.433962264	0	0	48	5	0
riap	4.444444444	88.88888889	5.555555556	1.111111111	8	160	10	2
riar	0	100	0	0	0	12	0	0
rias	1.27388535	81.52866242	17.19745223	0	2	128	27	0
riat	3.703703704	81.48148148	14.81481481	0	1	22	4	0
riav	6	88	6	0	3	44	3	0
riba	6.689536878	88.33619211	4.974271012	0	39	515	29	0
ribe	0	94.28571429	5.714285714	0	0	198	12	0
ribo	8.333333333	91.66666667	0	0	2	22	0	0
ribr	0	100	0	0	0	6	0	0
ribu	0	88.88888889	11.11111111	0	0	8	1	0
rica	2.010050251	87.7721943	9.882747069	0.335008375	12	524	59	2
ricc	0	95.96864502	4.031354983	0	0	857	36	0
rice	0.953206239	91.7677643	7.279029463	0	22	2118	168	0
rich	1.183020181	89.42240779	9.394572025	0	17	1285	135	0
rici	0	72.85714286	27.14285714	0	0	51	19	0
ricl	0	100	0	0	0	1	0	0
rico	1.885935015	85.02613042	12.95160191	0.136332652	83	3742	570	6
ricr	1.449275362	65.2173913	33.33333333	0	1	45	23	0
ricu	1.785714286	96.42857143	1.785714286	0	1	54	1	0
rida	11.84210526	82.89473684	5.263157895	0	9	63	4	0
ridd	0	100	0	0	0	5	0	0
ride	1.639344262	33.7704918	63.60655738	0.983606557	5	103	194	3
ridi	0	59.63302752	40.36697248	0	0	130	88	0
rido	0	99.35897436	0.641025641	0	0	155	1	0
ridu	0.823045267	94.78737997	4.38957476	0	6	691	32	0
riec	6.25	50	43.75	0	1	8	7	0
ried	0	92.30769231	3.846153846	3.846153846	0	24	1	1
riel	0	91.4893617	8.510638298	0	0	43	4	0
riem	5.158730159	72.61904762	22.22222222	0	13	183	56	0
rien	4.366812227	87.33624454	8.296943231	0	20	400	38	0
riep	0	40	60	0	0	2	3	0
rieq	0	69.56521739	30.43478261	0	0	16	7	0
rier	0	100	0	0	0	2	0	0
ries	2.985074627	88.05970149	8.955223881	0	2	59	6	0
riet	0	100	0	0	0	16	0	0
riev	4	74	16	6	2	37	8	3
riez	0	100	0	0	0	5	0	0
rifa	4.929577465	87.32394366	7.746478873	0	7	124	11	0
rife	1.057401813	87.91540785	11.02719033	0	7	582	73	0
riff	0	100	0	0	0	4	0	0
rifi	2.982954545	91.33522727	5.681818182	0	21	643	40	0
rifl	2.653061224	75.30612245	22.04081633	0	13	369	108	0
rifo	0.130718954	98.43137255	1.437908497	0	1	753	11	0
rifr	0	66.66666667	33.33333333	0	0	2	1	0
rifu	3.286384977	92.48826291	4.225352113	0	7	197	9	0
riga	0.862068966	97.4137931	1.724137931	0	1	113	2	0
rige	3.846153846	82.69230769	11.53846154	1.923076923	2	43	6	1
rigg	0	100	0	0	0	1	0	0
righ	0	100	0	0	0	5	0	0
rigi	16.12903226	24.51612903	59.35483871	0	25	38	92	0
rigo	1.960784314	98.03921569	0	0	7	350	0	0
rigu	0.606796117	86.52912621	12.86407767	0	5	713	106	0
riin	0	100	0	0	0	48	0	0
rila	0.715990453	95.70405728	3.579952267	0	3	401	15	0
rile	0	91.93548387	8.064516129	0	0	342	30	0
rili	0	96.52173913	3.47826087	0	0	111	4	0
rilu	0	100	0	0	0	20	0	0
rima	1.803278689	92.04918033	6.147540984	0	44	2246	150	0
rimb	1.098901099	89.01098901	9.89010989	0	2	162	18	0
rime	2.745995423	75.05720824	22.19679634	0	12	328	97	0
rimi	0	9.836065574	90.16393443	0	0	6	55	0
rimm	0	100	0	0	0	1	0	0
rimo	0.8	95.2	4	0	1	119	5	0
rimp	2.295081967	70.49180328	23.27868852	3.93442623	7	215	71	12
rimu	1.123595506	65.16853933	33.70786517	0	1	58	30	0
rina	1.123595506	76.96629213	21.91011236	0	2	137	39	0
rinc	0.392156863	83.52941176	16.07843137	0	1	213	41	0
rind	0	100	0	0	0	1	0	0
rine	0	100	0	0	0	10	0	0
rinf	1.863354037	94.40993789	3.726708075	0	3	152	6	0
ring	3.827751196	93.30143541	2.870813397	0	8	195	6	0
rini	0	100	0	0	0	2	0	0
rinn	0.64516129	95.16129032	4.193548387	0	2	295	13	0
rino	0	100	0	0	0	22	0	0
rinp	0	100	0	0	0	4	0	0
rins	0	100	0	0	0	15	0	0
rint	3.529411765	84.70588235	11.76470588	0	3	72	10	0
rinu	2.489626556	93.56846473	3.941908714	0	12	451	19	0
rinv	0.3125	97.5	2.1875	0	1	312	7	0
rioc	0	100	0	0	0	3	0	0
rion	0	100	0	0	0	33	0	0
riop	0	50	50	0	0	1	1	0
rior	3.174603175	76.19047619	20.63492063	0	2	48	13	0
rios	0	100	0	0	0	2	0	0
riot	0	83.33333333	16.66666667	0	0	5	1	0
ripa	2.362204724	95.47244094	2.165354331	0	12	485	11	0
ripe	4.806687565	73.6677116	21.21212121	0.313479624	46	705	203	3
ripi	1.652892562	83.47107438	14.87603306	0	2	101	18	0
ripl	0	100	0	0	0	2	0	0
ripo	2.680965147	92.62734584	4.691689008	0	20	691	35	0
ripr	1.915184679	80.50615595	17.30506156	0.273597811	28	1177	253	4
ripu	3.921568627	90.19607843	5.882352941	0	4	92	6	0
riqu	0	100	0	0	0	28	0	0
risa	1.180438449	92.58010118	6.239460371	0	7	549	37	0
risc	1.49168101	91.39414802	7.11417097	0	26	1593	124	0
rise	1.098901099	95.13343799	3.767660911	0	7	606	24	0
risf	0	50	0	50	0	1	0	1
risi	1.315789474	82.89473684	15.78947368	0	1	63	12	0
rism	0	100	0	0	0	2	0	0
risn	0	100	0	0	0	1	0	0
riso	1.184068891	74.16576964	24.65016146	0	11	689	229	0
risp	0.795527843	90.38916362	8.815308536	0	37	4204	410	0
riss	0	100	0	0	0	57	0	0
rist	0.175131349	98.94921191	0.875656743	0	1	565	5	0
risu	2.178217822	91.48514851	6.336633663	0	33	1386	96	0
risv	3.448275862	91.03448276	5.517241379	0	5	132	8	0
rita	1.346801347	97.97979798	0.673400673	0	4	291	2	0
rite	0.805152979	84.7020934	14.49275362	0	5	526	90	0
riti	5.239179954	91.34396355	3.416856492	0	23	401	15	0
ritm	0	93.78698225	6.213017751	0	0	317	21	0
rito	3.465346535	92.82178218	3.712871287	0	28	750	30	0
ritr	1.84501845	91.32841328	6.826568266	0	20	990	74	0
ritt	0	100	0	0	0	7	0	0
ritu	5.063291139	92.40506329	2.53164557	0	4	73	2	0
riud	0	100	0	0	0	1	0	0
riun	2.434782609	93.04347826	4.52173913	0	14	535	26	0
rius	6.993006993	85.97718071	7.029812293	0	190	2336	191	0
riut	8.333333333	66.66666667	25	0	1	8	3	0
riva	14.34599156	84.38818565	1.265822785	0	34	200	3	0
rive	3.125	86.35670732	10.44207317	0.076219512	41	1133	137	1
rivi	0.284090909	74.14772727	25.56818182	0	1	261	90	0
rivo	1.379944802	82.98068077	15.63937443	0	15	902	170	0
rizz	1.219512195	93.90243902	4.87804878	0	1	77	4	0
roan	0	100	0	0	0	2	0	0
roba	0	100	0	0	0	5	0	0
robb	0	100	0	0	0	2	0	0
robe	0	100	0	0	0	371	0	0
robi	0	100	0	0	0	41	0	0
robo	80.76923077	19.23076923	0	0	21	5	0	0
robu	0	100	0	0	0	91	0	0
roca	0	85.71428571	14.28571429	0	0	6	1	0
rocc	0	100	0	0	0	326	0	0
roch	0	100	0	0	0	18	0	0
rock	0	100	0	0	0	7	0	0
roco	100	0	0	0	9	0	0	0
rocr	0	100	0	0	0	1	0	0
roda	17.64705882	64.70588235	17.64705882	0	3	11	3	0
rode	0	75	25	0	0	6	2	0
rodi	0	100	0	0	0	9	0	0
rodo	54.38596491	45.61403509	0	0	31	26	0	0
rodr	0	100	0	0	0	46	0	0
roga	33.33333333	66.66666667	0	0	2	4	0	0
roge	0	100	0	0	0	35	0	0
rogg	0	100	0	0	0	6	0	0
rogn	0	100	0	0	0	18	0	0
rogo	0	92.85714286	7.142857143	0	0	13	1	0
roip	100	0	0	0	1	0	0	0
rokk	0	100	0	0	0	9	0	0
rola	0	100	0	0	0	4	0	0
role	0	100	0	0	0	2	0	0
roll	0	100	0	0	0	47	0	0
roma	0	89.42965779	10.57034221	0	0	1176	139	0
romb	2.702702703	94.59459459	2.702702703	0	1	35	1	0
rome	0	100	0	0	0	98	0	0
romi	0	98.11320755	1.886792453	0	0	52	1	0
romo	0	0	100	0	0	0	8	0
romp	0.911854103	71.12462006	27.96352584	0	3	234	92	0
ronc	0	97.22222222	2.777777778	0	0	70	2	0
rond	13.88888889	61.11111111	25	0	5	22	9	0
rone	100	0	0	0	2	0	0	0
ronf	0	100	0	0	0	6	0	0
ront	0	100	0	0	0	1	0	0
ronz	5.882352941	79.41176471	14.70588235	0	2	27	5	0
rori	0	0	100	0	0	0	2	0
rosa	0	99.3006993	0.699300699	0	0	142	1	0
rosc	0	100	0	0	0	3	0	0
rose	3.174603175	61.9047619	34.92063492	0	2	39	22	0
rosi	3.703703704	85.18518519	11.11111111	0	1	23	3	0
rosm	0	100	0	0	0	20	0	0
roso	0	75	25	0	0	18	6	0
rosp	0	100	0	0	0	21	0	0
ross	0.744047619	99.25595238	0	0	10	1334	0	0
rost	0	100	0	0	0	22	0	0
rota	0	96.07843137	3.921568627	0	0	49	2	0
rote	2.777777778	91.66666667	5.555555556	0	1	33	2	0
roto	3.311258278	60.92715232	34.43708609	1.324503311	5	92	52	2
rott	0	95.83333333	4.166666667	0	0	276	12	0
rova	0	100	0	0	0	5	0	0
rove	2.083333333	89.23611111	8.680555556	0	6	257	25	0
rovi	0.442477876	97.78761062	1.769911504	0	1	221	4	0
roya	0	100	0	0	0	38	0	0
rozz	0	100	0	0	0	62	0	0
ru't	0	0	100	0	0	0	4	0
ruan	0	100	0	0	0	44	0	0
ruba	0.393700787	94.09448819	5.511811024	0	1	239	14	0
rubb	0	100	0	0	0	41	0	0
rube	0	100	0	0	0	49	0	0
rubi	0	100	0	0	0	55	0	0
rubl	0	100	0	0	0	56	0	0
rubr	0	100	0	0	0	70	0	0
ruch	0	100	0	0	0	1	0	0
ruco	0	0	100	0	0	0	3	0
ruda	0	100	0	0	0	2	0	0
rude	0	30.76923077	69.23076923	0	0	4	9	0
rudi	0	100	0	0	0	19	0	0
ruff	0	52.38095238	47.61904762	0	0	22	20	0
ruga	0	100	0	0	0	52	0	0
rugg	0	86.20689655	13.79310345	0	0	75	12	0
rugh	0	100	0	0	0	2	0	0
rugi	0	100	0	0	0	4	0	0
rugo	25	75	0	0	2	6	0	0
ruin	0	0	100	0	0	0	20	0
rull	0	94.11764706	5.882352941	0	0	16	1	0
rume	0	100	0	0	0	10	0	0
rumi	0	83.33333333	0	16.66666667	0	5	0	1
rumm	0	100	0	0	0	1	0	0
rumo	2.242152466	97.30941704	0.448430493	0	5	217	1	0
ruol	0	100	0	0	0	677	0	0
ruot	1.612903226	95.56451613	2.822580645	0	4	237	7	0
rupe	0	100	0	0	0	8	0	0
rupi	0	83.33333333	16.66666667	0	0	5	1	0
rura	0	100	0	0	0	27	0	0
rusc	0	100	0	0	0	27	0	0
ruse	100	0	0	0	1	0	0	0
rusp	0	93.75	6.25	0	0	30	2	0
russ	0	99.25925926	0.740740741	0	0	670	5	0
rust	2.5	27.5	70	0	1	11	28	0
rute	0	100	0	0	0	118	0	0
ruti	0	100	0	0	0	5	0	0
ruto	100	0	0	0	1	0	0	0
rutt	0	66.66666667	33.33333333	0	0	2	1	0
ruvi	4.166666667	0	95.83333333	0	1	0	23	0
ruzz	0	90	10	0	0	9	1	0
s'in	0	100	0	0	0	1	0	0
saba	0	7.494145199	92.5058548	0	0	32	395	0
sabb	0	99.21259843	0.787401575	0	0	126	1	0
sabe	20	80	0	0	1	4	0	0
sabi	0	100	0	0	0	51	0	0
sabo	30.76923077	69.23076923	0	0	4	9	0	0
sabr	0	100	0	0	0	33	0	0
sacc	0	99.78448276	0.215517241	0	0	463	1	0
sace	0	100	0	0	0	127	0	0
sach	0	100	0	0	0	1	0	0
saci	0	0	100	0	0	0	1	0
sacr	2.580645161	93.76344086	2.580645161	1.075268817	12	436	12	5
sada	100	0	0	0	4	0	0	0
sadd	100	0	0	0	85	0	0	0
sadi	0	34.7826087	65.2173913	0	0	8	15	0
sado	0	100	0	0	0	16	0	0
saec	0	66.66666667	33.33333333	0	0	2	1	0
saet	10	90	0	0	1	9	0	0
safa	0	75	25	0	0	3	1	0
saff	0	62.5	37.5	0	0	5	3	0
saga	45.45454545	54.54545455	0	0	5	6	0	0
sagg	0.347222222	97.22222222	2.430555556	0	1	280	7	0
sagi	0	100	0	0	0	17	0	0
sagl	0	100	0	0	0	4	0	0
sago	5.882352941	20.58823529	73.52941176	0	2	7	25	0
sagr	0	100	0	0	0	37	0	0
sagu	0	100	0	0	0	2	0	0
saha	0	100	0	0	0	17	0	0
saig	100	0	0	0	4	0	0	0
saio	0	100	0	0	0	1	0	0
saip	0	100	0	0	0	1	0	0
sala	0	93.43629344	6.563706564	0	0	242	17	0
salc	0	100	0	0	0	2	0	0
sald	0.609756098	98.7804878	0.609756098	0	1	162	1	0
sale	0	100	0	0	0	128	0	0
salg	0	100	0	0	0	1	0	0
sali	2.840909091	88.77840909	8.380681818	0	20	625	59	0
sall	0	100	0	0	0	3	0	0
salm	1.785714286	98.21428571	0	0	1	55	0	0
saln	0	100	0	0	0	1	0	0
salo	5.031446541	94.65408805	0.314465409	0	16	301	1	0
salp	0	100	0	0	0	7	0	0
sals	0	96.52173913	3.47826087	0	0	111	4	0
salt	5.482041588	89.79206049	4.725897921	0	29	475	25	0
salu	3.151862464	93.69627507	3.151862464	0	22	654	22	0
salv	1.69361047	95.61200924	2.694380293	0	22	1242	35	0
sama	0	100	0	0	0	32	0	0
samb	0	100	0	0	0	13	0	0
samm	0	100	0	0	0	6	0	0
samp	6.666666667	93.33333333	0	0	3	42	0	0
sams	0	100	0	0	0	1	0	0
samu	81.25	18.75	0	0	13	3	0	0
sana	2	98	0	0	1	49	0	0
sanc	5.747126437	90.8045977	3.448275862	0	5	79	3	0
sand	4.166666667	84.72222222	11.11111111	0	6	122	16	0
sanf	0	100	0	0	0	3	0	0
sang	0.46875	98.59375	0.78125	0.15625	3	631	5	1
sani	53.89221557	44.91017964	1.19760479	0	180	150	4	0
sanl	0	100	0	0	0	2	0	0
sann	0	89.47368421	10.52631579	0	0	17	2	0
sano	0	100	0	0	0	2	0	0
sanp	0	62.5	37.5	0	0	5	3	0
sanr	0	100	0	0	0	153	0	0
sans	9.090909091	72.72727273	18.18181818	0	2	16	4	0
sant	1.356993737	91.54488518	7.098121086	0	13	877	68	0
sanv	0	100	0	0	0	1	0	0
sanz	0	99.13793103	0.862068966	0	0	115	1	0
sape	5.272661611	90.06861683	4.65872156	0	146	2494	129	0
sapi	0	98.4	1.6	0	0	123	2	0
sapo	0	100	0	0	0	173	0	0
sapp	66.66666667	33.33333333	0	0	4	2	0	0
sapr	0	100	0	0	0	2	0	0
sapu	0	100	0	0	0	1	0	0
saqq	0	100	0	0	0	1	0	0
sara	1.470588235	98.52941176	0	0	3	201	0	0
sarc	0	48.38709677	51.61290323	0	0	30	32	0
sard	0	98.50746269	1.492537313	0	0	132	2	0
sare	0	100	0	0	0	4	0	0
sarf	0	100	0	0	0	4	0	0
sarg	100	0	0	0	3	0	0	0
sari	0	100	0	0	0	13	0	0
sarl	0	100	0	0	0	3	0	0
sarn	0	100	0	0	0	5	0	0
saro	0	100	0	0	0	3	0	0
sarp	0	100	0	0	0	2	0	0
sarr	0	100	0	0	0	6	0	0
sart	1.063829787	98.93617021	0	0	1	93	0	0
saru	0	100	0	0	0	1	0	0
sarz	0	100	0	0	0	4	0	0
sass	0	85.06493506	14.93506494	0	0	131	23	0
sast	0	100	0	0	0	1	0	0
sata	0	10	90	0	0	3	27	0
sate	0	5.970149254	94.02985075	0	0	4	63	0
sati	0	27.63157895	72.36842105	0	0	21	55	0
sato	0	100	0	0	0	1	0	0
satr	0	0	100	0	0	0	1	0
satt	0	100	0	0	0	2	0	0
satu	0	62.74509804	35.29411765	1.960784314	0	32	18	1
saud	0	100	0	0	0	40	0	0
saun	0	100	0	0	0	11	0	0
saur	0	100	0	0	0	10	0	0
sava	0	100	0	0	0	11	0	0
save	0	100	0	0	0	46	0	0
savi	0	39.28571429	60.71428571	0	0	22	34	0
savo	0	100	0	0	0	141	0	0
sazi	20	80	0	0	6	24	0	0
sbac	0	100	0	0	0	2	0	0
sbad	25	58.33333333	16.66666667	0	3	7	2	0
sbaf	0	100	0	0	0	7	0	0
sbag	1.679104478	95.89552239	2.425373134	0	9	514	13	0
sbal	0	97.75280899	2.247191011	0	0	87	2	0
sban	1.123595506	93.25842697	5.617977528	0	1	83	5	0
sbar	2.181818182	93.81818182	4	0	6	258	11	0
sbat	7.317073171	63.41463415	29.26829268	0	9	78	36	0
sbav	0	100	0	0	0	6	0	0
sbef	0	80	20	0	0	4	1	0
sbel	0	66.66666667	33.33333333	0	0	2	1	0
sber	0	100	0	0	0	18	0	0
sbia	0	85.29411765	14.70588235	0	0	29	5	0
sbie	0	100	0	0	0	9	0	0
sbig	0	100	0	0	0	20	0	0
sbil	0	88.88888889	11.11111111	0	0	48	6	0
sbir	10.34482759	86.20689655	3.448275862	0	3	25	1	0
sbiz	0	75	25	0	0	3	1	0
sblo	0	95.83333333	4.166666667	0	0	46	2	0
sboc	2.739726027	91.78082192	5.479452055	0	2	67	4	0
sbol	0	100	0	0	0	3	0	0
sbor	1.785714286	98.21428571	0	0	1	55	0	0
sbot	20	77.5	2.5	0	8	31	1	0
sboz	0	100	0	0	0	1	0	0
sbra	10.34482759	75.86206897	13.79310345	0	3	22	4	0
sbre	0	100	0	0	0	3	0	0
sbri	0	91.66666667	8.333333333	0	0	66	6	0
sbro	0	80	20	0	0	8	2	0
sbru	0	100	0	0	0	8	0	0
sbuc	2.631578947	85.52631579	11.84210526	0	2	65	9	0
sbud	0	100	0	0	0	3	0	0
sbuf	15	85	0	0	3	17	0	0
sbug	0	100	0	0	0	1	0	0
scab	6.25	93.75	0	0	1	15	0	0
scac	3.06122449	96.93877551	0	0	3	95	0	0
scad	2.083333333	96.66666667	1.25	0	5	232	3	0
scaf	0	100	0	0	0	54	0	0
scag	1.041666667	91.66666667	7.291666667	0	1	88	7	0
scai	0	100	0	0	0	2	0	0
scal	0.518134715	74.50777202	24.76683938	0.207253886	5	719	239	2
scam	1.284796574	88.43683084	10.27837259	0	6	413	48	0
scan	1.260504202	43.69747899	55.04201681	0	6	208	262	0
scap	4.010695187	76.20320856	19.78609626	0	15	285	74	0
scar	1.308615049	86.47764449	11.8865867	0.327153762	12	793	109	3
scas	0	100	0	0	0	9	0	0
scat	4.105263158	80.10526316	15.78947368	0	39	761	150	0
scav	1.945525292	92.60700389	5.447470817	0	5	238	14	0
scaz	0	80	20	0	0	4	1	0
sceg	0.908340215	75.4748142	23.61684558	0	11	914	286	0
scei	0	100	0	0	0	36	0	0
scel	0	99.87373737	0.126262626	0	0	791	1	0
scem	0	98.5915493	1.408450704	0	0	70	1	0
scen	1.148765078	83.85985066	14.99138426	0	20	1460	261	0
scer	0	100	0	0	0	16	0	0
sces	0	100	0	0	0	6	0	0
scet	0	33.33333333	66.66666667	0	0	18	36	0
scev	0	40	60	0	0	2	3	0
sche	0.341296928	93.629124	6.029579067	0	3	823	53	0
schi	4.380242311	91.33271202	4.193849021	0.093196645	47	980	45	1
scia	0	90.68825911	9.311740891	0	0	224	23	0
scib	0	50	50	0	0	2	2	0
scic	0	100	0	0	0	9	0	0
scie	0.722891566	61.20481928	38.07228916	0	6	508	316	0
scif	0	100	0	0	0	34	0	0
scii	0	76	24	0	0	19	6	0
scil	0	100	0	0	0	6	0	0
scim	25.58139535	74.41860465	0	0	22	64	0	0
scin	0	90	10	0	0	63	7	0
scio	1.174168297	62.03522505	36.2035225	0.587084149	6	317	185	3
scip	0	91.66666667	8.333333333	0	0	33	3	0
scir	3.333333333	96.66666667	0	0	1	29	0	0
scis	0	96	4	0	0	24	1	0
sciu	3.703703704	96.2962963	0	0	1	26	0	0
sciv	9.333333333	65.33333333	22	3.333333333	14	98	33	5
scla	0	100	0	0	0	10	0	0
scle	0	100	0	0	0	8	0	0
sclo	0	100	0	0	0	2	0	0
scoc	0	100	0	0	0	33	0	0
scod	0	95	0	5	0	19	0	1
scof	0	100	0	0	0	2	0	0
scog	0	100	0	0	0	67	0	0
scoi	0	0	100	0	0	0	8	0
scol	1.612903226	49.35483871	49.03225806	0	5	153	152	0
scom	0.603136309	85.28347407	14.11338963	0	5	707	117	0
scon	0.577293137	95.25336754	4.16933932	0	9	1485	65	0
scoo	0	100	0	0	0	4	0	0
scop	4.425204425	91.58249158	3.992303992	0	92	1904	83	0
scor	0.641975309	92.14814815	7.209876543	0	13	1866	146	0
scos	8.602150538	88.17204301	3.225806452	0	8	82	3	0
scot	0.909090909	93.63636364	5.454545455	0	1	103	6	0
scov	0	78.37837838	21.62162162	0	0	29	8	0
scoz	0	100	0	0	0	54	0	0
scra	0	100	0	0	0	5	0	0
scre	4.347826087	95.65217391	0	0	1	22	0	0
scri	0.581846393	86.81148177	12.4515128	0.155159038	15	2238	321	4
scro	10.14492754	81.15942029	8.695652174	0	7	56	6	0
scru	3.521126761	60.56338028	35.91549296	0	5	86	51	0
scub	0	100	0	0	0	2	0	0
scuc	0	90.90909091	9.090909091	0	0	10	1	0
scud	0	100	0	0	0	254	0	0
scug	0	100	0	0	0	6	0	0
scul	0	94.11764706	5.882352941	0	0	96	6	0
scuo	0.095328885	97.521449	2.383222116	0	1	1023	25	0
scur	0	100	0	0	0	183	0	0
scus	1.413427562	88.33922261	10.24734982	0	4	250	29	0
scut	0	83.33333333	16.66666667	0	0	5	1	0
sdeb	0	100	0	0	0	2	0	0
sdeg	0	100	0	0	0	52	0	0
sden	0	100	0	0	0	2	0	0
sdig	0	100	0	0	0	1	0	0
sdil	0	100	0	0	0	1	0	0
sdog	0	100	0	0	0	2	0	0
sdop	0	90.90909091	9.090909091	0	0	10	1	0
sdra	2.298850575	94.25287356	3.448275862	0	2	82	3	0
sdru	0	100	0	0	0	8	0	0
se'p	100	0	0	0	1	0	0	0
seba	0	85.71428571	14.28571429	0	0	42	7	0
sebb	0	100	0	0	0	105	0	0
sebe	0	100	0	0	0	1	0	0
sebi	0	100	0	0	0	1	0	0
sebo	0	100	0	0	0	2	0	0
seca	0	100	0	0	0	1	0	0
secc	0	99.0990991	0.900900901	0	0	330	3	0
sece	0	87.23404255	12.76595745	0	0	41	6	0
seci	0	50	50	0	0	1	1	0
seck	100	0	0	0	1	0	0	0
seco	0	86.43503094	13.56496906	0	0	3632	570	0
secr	0	100	0	0	0	7	0	0
sect	0	66.66666667	33.33333333	0	0	2	1	0
secu	0	100	0	0	0	2	0	0
seda	0	48.27586207	51.72413793	0	0	14	15	0
sede	2.412868633	84.98659517	12.60053619	0	9	317	47	0
sedi	0	76.67638484	23.32361516	0	0	263	80	0
sedo	100	0	0	0	1	0	0	0
sedu	0.405679513	98.98580122	0.60851927	0	2	488	3	0
sega	8.695652174	78.26086957	13.04347826	0	2	18	3	0
sege	0	100	0	0	0	4	0	0
segg	0	82.27848101	17.72151899	0	0	65	14	0
segh	0	100	0	0	0	7	0	0
segm	0	96	4	0	0	24	1	0
segn	0.767018217	96.21284756	3.020134228	0	16	2007	63	0
sego	0	100	0	0	0	1	0	0
segr	0	100	0	0	0	1348	0	0
segu	3.349514563	60.19417476	36.40776699	0.048543689	69	1240	750	1
seic	0	100	0	0	0	50	0	0
seim	0	100	0	0	0	9	0	0
sein	0	100	0	0	0	4	0	0
seku	0	0	100	0	0	0	1	0
selc	0	100	0	0	0	29	0	0
sele	0.881057269	97.35682819	1.762114537	0	2	221	4	0
seli	50	50	0	0	1	1	0	0
sell	0	100	0	0	0	73	0	0
selm	100	0	0	0	1	0	0	0
seln	0	100	0	0	0	5	0	0
selv	0	83.33333333	16.66666667	0	0	180	36	0
sema	0	1.923076923	98.07692308	0	0	1	51	0
semb	2.796376526	82.23710122	14.96652225	0	71	2088	380	0
seme	0	100	0	0	0	50	0	0
semi	2.352941176	82.94117647	14.70588235	0	8	282	50	0
semm	0	100	0	0	0	63	0	0
semo	0	88.88888889	11.11111111	0	0	8	1	0
semp	1.343123209	87.26719198	11.35386819	0.035816619	75	4873	634	2
sena	5.603448276	90.73275862	3.663793103	0	26	421	17	0
send	0	100	0	0	0	20	0	0
sene	0	85.71428571	14.28571429	0	0	24	4	0
seni	0	100	0	0	0	17	0	0
senn	15.625	84.375	0	0	25	135	0	0
seno	33.33333333	53.33333333	13.33333333	0	5	8	2	0
sens	7.833537332	84.27172583	7.894736842	0	128	1377	129	0
sent	5.052264808	89.66318235	5.284552846	0	174	3088	182	0
senu	0	100	0	0	0	2	0	0
senz	0	100	0	0	0	4150	0	0
sepa	1.276595745	93.19148936	5.531914894	0	6	438	26	0
sepe	0	100	0	0	0	3	0	0
sepo	0	100	0	0	0	52	0	0
sepp	9.210526316	88.59649123	2.192982456	0	21	202	5	0
sept	0	100	0	0	0	1	0	0
sepu	0	100	0	0	0	1	0	0
sequ	0.852272727	97.15909091	1.988636364	0	3	342	7	0
sera	0.222717149	98.21826281	1.559020045	0	1	441	7	0
serb	0.347222222	98.95833333	0.694444444	0	1	285	2	0
sere	27.21518987	71.20253165	1.582278481	0	86	225	5	0
serg	0	100	0	0	0	181	0	0
seri	4.112718964	95.43031226	0.456968774	0	54	1253	6	0
serl	0	100	0	0	0	4	0	0
serm	0	100	0	0	0	8	0	0
sero	0	0	100	0	0	0	1	0
serp	1.111111111	94.44444444	4.444444444	0	1	85	4	0
serr	0.591715976	94.08284024	5.325443787	0	1	159	9	0
sers	0	100	0	0	0	2	0	0
serv	4.299583911	86.40776699	9.292649098	0	93	1869	201	0
sesa	0	0	100	0	0	0	1	0
sesi	0	100	0	0	0	9	0	0
sess	7.051909892	89.91185113	3.036238981	0	72	918	31	0
sest	12.56281407	87.43718593	0	0	25	174	0	0
seta	0	94.73684211	5.263157895	0	0	36	2	0
seto	0	20	80	0	0	1	4	0
sett	0.063411541	96.60748256	3.329105897	0	2	3047	105	0
seve	12.68292683	82.92682927	4.390243902	0	26	170	9	0
sevi	0	100	0	0	0	12	0	0
sezi	0	100	0	0	0	187	0	0
sezz	0	100	0	0	0	1	0	0
sfac	0	95.12195122	4.87804878	0	0	39	2	0
sfal	0	75	25	0	0	9	3	0
sfam	0	100	0	0	0	14	0	0
sfar	2.857142857	94.28571429	2.857142857	0	1	33	1	0
sfas	0	90.47619048	9.523809524	0	0	38	4	0
sfat	0	100	0	0	0	22	0	0
sfav	0	67.74193548	32.25806452	0	0	21	10	0
sfeg	0	100	0	0	0	4	0	0
sfer	1.98019802	92.07920792	5.940594059	0	2	93	6	0
sfia	0	100	0	0	0	12	0	0
sfib	0	100	0	0	0	8	0	0
sfid	0.462962963	96.2962963	3.240740741	0	2	416	14	0
sfig	0	89.28571429	10.71428571	0	0	25	3	0
sfil	3.546099291	89.0070922	7.446808511	0	10	251	21	0
sfin	0	95.34883721	4.651162791	0	0	41	2	0
sfio	7.614213198	82.74111675	9.644670051	0	15	163	19	0
sfit	0	100	0	0	0	2	0	0
sfiz	16.66666667	83.33333333	0	0	1	5	0	0
sfoc	3.703703704	88.88888889	7.407407407	0	1	24	2	0
sfod	0	68.42105263	31.57894737	0	0	26	12	0
sfog	1.03626943	95.33678756	3.626943005	0	2	184	7	0
sfol	0	96.42857143	3.571428571	0	0	27	1	0
sfon	0	97.46835443	2.53164557	0	0	154	4	0
sfor	1.260504202	95.37815126	3.361344538	0	6	454	16	0
sfot	42.85714286	57.14285714	0	0	3	4	0	0
sfra	4.166666667	93.75	2.083333333	0	2	45	1	0
sfre	1.351351351	82.43243243	16.21621622	0	1	61	12	0
sfri	0	66.66666667	33.33333333	0	0	2	1	0
sfro	0	100	0	0	0	19	0	0
sfru	0	96.19565217	3.804347826	0	0	177	7	0
sfug	2.464788732	94.01408451	3.521126761	0	7	267	10	0
sfum	0.917431193	95.41284404	3.669724771	0	1	104	4	0
sfuo	0	50	50	0	0	1	1	0
sfur	0	100	0	0	0	8	0	0
sfus	0	100	0	0	0	3	0	0
sgab	0	100	0	0	0	16	0	0
sgal	0	100	0	0	0	2	0	0
sgam	6.25	93.75	0	0	1	15	0	0
sgan	0	96.42857143	3.571428571	0	0	27	1	0
sgar	0	98.73417722	1.265822785	0	0	78	1	0
sgat	11.11111111	66.66666667	22.22222222	0	1	6	2	0
sghe	0	100	0	0	0	7	0	0
sghi	0	87.5	12.5	0	0	7	1	0
sgob	0	88.88888889	11.11111111	0	0	8	1	0
sgoc	0	35.13513514	64.86486486	0	0	13	24	0
sgol	0	85.71428571	14.28571429	0	0	6	1	0
sgom	0.751879699	69.92481203	28.57142857	0.751879699	1	93	38	1
sgon	12.5	87.5	0	0	1	7	0	0
sgor	5.882352941	70.58823529	23.52941176	0	1	12	4	0
sgoz	6.25	93.75	0	0	1	15	0	0
sgra	2.608695652	66.95652174	30.43478261	0	3	77	35	0
sgre	0	81.25	18.75	0	0	13	3	0
sgri	3.846153846	96.15384615	0	0	1	25	0	0
sgro	0	42.85714286	57.14285714	0	0	3	4	0
sgru	0	100	0	0	0	2	0	0
sgua	0	99.03846154	0.961538462	0	0	412	4	0
sgue	0	100	0	0	0	1	0	0
sgui	0	100	0	0	0	4	0	0
sgur	0	0	100	0	0	0	4	0
sgus	14.28571429	76.19047619	9.523809524	0	3	16	2	0
sham	0	100	0	0	0	25	0	0
shan	0	86.66666667	13.33333333	0	0	13	2	0
shop	0	100	0	0	0	28	0	0
si'b	0	0	100	0	0	0	3	0
siam	0	100	0	0	0	1	0	0
siba	0	100	0	0	0	2	0	0
sibe	9.090909091	90.90909091	0	0	2	20	0	0
sibi	10.86956522	56.52173913	30.43478261	2.173913043	5	26	14	1
siby	0	100	0	0	0	1	0	0
sica	0	100	0	0	0	40	0	0
sicc	38.34586466	61.65413534	0	0	51	82	0	0
sici	0	100	0	0	0	295	0	0
sicl	0	100	0	0	0	22	0	0
sico	20	80	0	0	1	4	0	0
sicu	0	99.44289694	0.557103064	0	0	1428	8	0
side	0	64	36	0	0	16	9	0
sidi	100	0	0	0	1	0	0	0
sido	0	100	0	0	0	6	0	0
sien	0	100	0	0	0	47	0	0
siep	0	100	0	0	0	29	0	0
sier	11.11111111	88.88888889	0	0	4	32	0	0
sies	0	100	0	0	0	3	0	0
siev	0	100	0	0	0	2	0	0
siff	0	100	0	0	0	10	0	0
sifi	0	0	100	0	0	0	3	0
siga	0	82.46753247	17.53246753	0	0	127	27	0
sige	0	100	0	0	0	2	0	0
sigf	0	100	0	0	0	1	0	0
sigi	2.564102564	97.43589744	0	0	1	38	0	0
sigl	0	100	0	0	0	76	0	0
sigm	0	100	0	0	0	6	0	0
sign	13.93305439	69.24686192	16.31799163	0.50209205	333	1655	390	12
sila	98.68421053	1.315789474	0	0	75	1	0	0
silb	0	100	0	0	0	3	0	0
sile	0.350877193	99.64912281	0	0	2	568	0	0
sili	0	78.04878049	21.95121951	0	0	32	9	0
sill	0	35	65	0	0	7	13	0
silo	0	100	0	0	0	9	0	0
silu	0	100	0	0	0	17	0	0
silv	0	100	0	0	0	367	0	0
sima	100	0	0	0	1	0	0	0
simb	0	13.5678392	86.4321608	0	0	54	344	0
sime	0	100	0	0	0	3	0	0
simi	0.552486188	3.130755064	96.31675875	0	3	17	523	0
simm	0	52.63157895	47.36842105	0	0	10	9	0
simo	17.46031746	79.89417989	2.645502646	0	33	151	5	0
simp	0	53.51170569	46.48829431	0	0	160	139	0
simu	0.99009901	79.20792079	14.85148515	4.95049505	1	80	15	5
sina	0	76.92307692	23.07692308	0	0	40	12	0
sinc	16.84210526	77.89473684	5.263157895	0	32	148	10	0
sind	0	31.14754098	68.85245902	0	0	342	756	0
sine	0	89.47368421	10.52631579	0	0	17	2	0
sinf	0	62.74509804	37.25490196	0	0	64	38	0
sing	2.331002331	40.32634033	57.34265734	0	10	173	246	0
sini	0.263504611	99.47299078	0.263504611	0	2	755	2	0
sinn	0	100	0	0	0	2	0	0
sino	0	38.75	61.25	0	0	31	49	0
sint	0.56980057	39.31623932	60.11396011	0	2	138	211	0
sinu	0	100	0	0	0	12	0	0
siol	0	100	0	0	0	1	0	0
sion	0	100	0	0	0	13	0	0
sipa	0	100	0	0	0	31	0	0
sira	0	97.2972973	2.702702703	0	0	36	1	0
sire	0	100	0	0	0	59	0	0
siri	0	96.22641509	3.773584906	0	0	102	4	0
siro	0	100	0	0	0	6	0	0
sirt	0	100	0	0	0	6	0	0
sisi	0	100	0	0	0	4	0	0
sism	0	61.53846154	38.46153846	0	0	8	5	0
siss	6.666666667	93.33333333	0	0	1	14	0	0
sist	0.553633218	95.77854671	3.667820069	0	8	1384	53	0
situ	0	99.72196478	0.278035218	0	0	1076	3	0
sivi	0	100	0	0	0	23	0	0
sivo	0	0	100	0	0	0	2	0
slab	0	100	0	0	0	2	0	0
slac	0	87.5	12.5	0	0	7	1	0
slal	0	100	0	0	0	4	0	0
slam	0	100	0	0	0	1	0	0
slan	0	100	0	0	0	57	0	0
slar	0	100	0	0	0	4	0	0
slav	0	100	0	0	0	41	0	0
slea	22.22222222	77.77777778	0	0	2	7	0	0
sleg	0	85.71428571	14.28571429	0	0	6	1	0
slig	0	100	0	0	0	2	0	0
slit	3.947368421	94.73684211	1.315789474	0	3	72	1	0
slog	0	91.66666667	8.333333333	0	0	11	1	0
slom	0	100	0	0	0	1	0	0
slov	0	100	0	0	0	81	0	0
smac	0	100	0	0	0	10	0	0
smag	0	100	0	0	0	29	0	0
smai	0	100	0	0	0	5	0	0
smal	0	98.93617021	1.063829787	0	0	93	1	0
sman	0	98.68421053	1.315789474	0	0	75	1	0
smar	0.970873786	98.05825243	0.970873786	0	1	101	1	0
smas	2.777777778	88.88888889	8.333333333	0	1	32	3	0
smaz	0	100	0	0	0	3	0	0
smem	0	100	0	0	0	14	0	0
smen	0.4048583	95.951417	3.643724696	0	1	237	9	0
smer	0	95.83333333	4.166666667	0	0	46	2	0
smet	1.31147541	61.96721311	36.72131148	0	4	189	112	0
smic	0	0	100	0	0	0	2	0
smil	0	100	0	0	0	5	0	0
smin	7.142857143	92.85714286	0	0	1	13	0	0
smir	0	100	0	0	0	5	0	0
smis	0	100	0	0	0	34	0	0
smit	0	100	0	0	0	2	0	0
smob	0	75	25	0	0	3	1	0
smoc	0	100	0	0	0	2	0	0
smod	0	100	0	0	0	7	0	0
smon	0	92.30769231	7.692307692	0	0	48	4	0
smor	0	96.72131148	3.278688525	0	0	59	2	0
smos	0	100	0	0	0	1	0	0
smot	0	100	0	0	0	5	0	0
smoz	0	80	0	20	0	4	0	1
smun	0	100	0	0	0	3	0	0
smuo	0	40	60	0	0	8	12	0
smur	0	100	0	0	0	1	0	0
smus	0	92.30769231	7.692307692	0	0	12	1	0
snai	0	100	0	0	0	1	0	0
snat	0	90.47619048	9.523809524	0	0	19	2	0
sneb	0	100	0	0	0	1	0	0
snel	0	96.875	3.125	0	0	31	1	0
sner	0	100	0	0	0	5	0	0
snid	33.33333333	66.66666667	0	0	1	2	0	0
snif	0	90.90909091	9.090909091	0	0	10	1	0
snob	0	87.5	12.5	0	0	28	4	0
snoc	10	60	30	0	1	6	3	0
snod	3.571428571	82.14285714	14.28571429	0	1	23	4	0
snot	0	100	0	0	0	1	0	0
soav	3.448275862	96.55172414	0	0	1	28	0	0
sobb	2.5	97.5	0	0	1	39	0	0
sobi	0	100	0	0	0	5	0	0
sobr	26.66666667	73.33333333	0	0	12	33	0	0
socc	0.336700337	88.55218855	11.11111111	0	1	263	33	0
soci	42.45810056	53.03538175	4.506517691	0	1140	1424	121	0
socr	0	0	100	0	0	0	48	0
soda	0	100	0	0	0	26	0	0
sodd	0.203665988	97.75967413	2.036659878	0	1	480	10	0
sodi	0	88.23529412	11.76470588	0	0	15	2	0
sodo	0	31.25	68.75	0	0	5	11	0
soet	0	100	0	0	0	1	0	0
soff	1.924839597	89.45921173	8.432630614	0.183318057	21	976	92	2
sofi	0	96.69421488	3.305785124	0	0	117	4	0
sofo	0	0	100	0	0	0	6	0
sofr	0	100	0	0	0	7	0	0
soga	0	100	0	0	0	2	0	0
soge	0	100	0	0	0	5	0	0
sogg	2.208835341	96.98795181	0.803212851	0	11	483	4	0
sogl	0	95.76719577	4.232804233	0	0	181	8	0
sogn	0.111234705	96.66295884	3.225806452	0	1	869	29	0
sola	1.041666667	98.95833333	0	0	2	190	0	0
solc	0	82.60869565	17.39130435	0	0	38	8	0
sold	0	100	0	0	0	795	0	0
sole	9.868421053	89.47368421	0.657894737	0	15	136	1	0
solf	0	88.46153846	11.53846154	0	0	23	3	0
soli	13.37172105	14.01151631	72.61676264	0	209	219	1135	0
soll	7.70519263	81.57453936	10.72026801	0	46	487	64	0
solo	0	100	0	0	0	1	0	0
sols	0	100	0	0	0	8	0	0
solt	0	100	0	0	0	1407	0	0
solu	0	99.2202729	0.779727096	0	0	509	4	0
solv	7.142857143	85.71428571	7.142857143	0	1	12	1	0
solz	0	100	0	0	0	3	0	0
soma	0	63.47826087	36.52173913	0	0	73	42	0
somb	0	100	0	0	0	1	0	0
somi	0	87.71929825	12.28070175	0	0	100	14	0
somm	4.063205418	90.97065463	4.966139955	0	18	403	22	0
somn	0	100	0	0	0	1	0	0
sona	0	97.14285714	2.857142857	0	0	34	1	0
sond	0.588235294	99.41176471	0	0	1	169	0	0
sone	0	100	0	0	0	10	0	0
soni	0	90.90909091	9.090909091	0	0	10	1	0
sonj	0	100	0	0	0	1	0	0
sonn	0.408163265	95.10204082	4.489795918	0	1	233	11	0
sono	14.28571429	85.71428571	0	0	13	78	0	0
sont	8.108108108	91.89189189	0	0	3	34	0	0
sonz	0	100	0	0	0	2	0	0
sope	0	100	0	0	0	1	0	0
sopi	0	100	0	0	0	16	0	0
sopo	0	0	100	0	0	0	6	0
sopp	2.008032129	85.14056225	12.85140562	0	5	212	32	0
sopr	0.106761566	96.69039146	3.202846975	0	3	2717	90	0
soqq	0	100	0	0	0	11	0	0
sora	10	90	0	0	1	9	0	0
sorb	0	96.15384615	3.846153846	0	0	25	1	0
sorc	0	100	0	0	0	7	0	0
sord	10.1010101	82.82828283	7.070707071	0	10	82	7	0
sore	0	100	0	0	0	345	0	0
sorg	2.222222222	74.22222222	23.55555556	0	5	167	53	0
sori	0	100	0	0	0	8	0	0
sorm	0	100	0	0	0	17	0	0
sorn	0	100	0	0	0	14	0	0
soro	100	0	0	0	2	0	0	0
sorp	0.12254902	95.83333333	4.044117647	0	1	782	33	0
sorr	0.363196126	88.86198547	10.7748184	0	3	734	89	0
sors	0	92.30769231	7.692307692	0	0	24	2	0
sort	0.5859375	99.4140625	0	0	3	509	0	0
sorv	1.265822785	95.56962025	3.164556962	0	2	151	5	0
sosi	0	100	0	0	0	9	0	0
sosp	4.04040404	90.01122334	5.948372615	0	36	802	53	0
sost	0.59618442	94.11764706	5.286168521	0	15	2368	133	0
sota	0	100	0	0	0	3	0	0
sott	0.35514967	91.55251142	7.534246575	0.558092339	14	3609	297	22
sove	0	100	0	0	0	53	0	0
sovi	0	11.40350877	88.59649123	0	0	26	202	0
sovr	5.039787798	83.81962865	10.87533156	0.265251989	19	316	41	1
sovv	0	100	0	0	0	45	0	0
sozz	0	100	0	0	0	3	0	0
spac	1.127819549	93.98496241	4.887218045	0	3	250	13	0
spad	0	99.34640523	0.653594771	0	0	152	1	0
spae	0	100	0	0	0	7	0	0
spag	0	100	0	0	0	520	0	0
spai	0	100	0	0	0	3	0	0
spal	1.523545706	97.50692521	0.969529086	0	11	704	7	0
spam	0	0	100	0	0	0	1	0
span	4.166666667	83.33333333	12.5	0	1	20	3	0
spap	0	100	0	0	0	4	0	0
spar	3.427419355	87.60080645	8.971774194	0	34	869	89	0
spas	0	67.5	32.5	0	0	54	26	0
spat	0	50	50	0	0	2	2	0
spau	0	100	0	0	0	16	0	0
spav	2.777777778	90.625	6.597222222	0	8	261	19	0
spaz	0.199600798	96.70658683	3.093812375	0	2	969	31	0
spec	3.127962085	86.91943128	9.857819905	0.09478673	66	1834	208	2
sped	1.282051282	94.44444444	4.273504274	0	3	221	10	0
speg	0.598802395	72.45508982	26.94610778	0	1	121	45	0
spel	0	63.63636364	36.36363636	0	0	14	8	0
spen	0	71.92982456	27.81954887	0.250626566	0	287	111	1
sper	0.464190981	96.22015915	3.315649867	0	7	1451	50	0
spes	0	100	0	0	0	1658	0	0
spet	2.335025381	42.43654822	55.2284264	0	23	418	544	0
spez	3.964757709	92.95154185	3.083700441	0	9	211	7	0
spia	0.709219858	90.54373522	8.747044917	0	3	383	37	0
spic	0.495049505	74.25742574	25.24752475	0	1	150	51	0
spid	0	100	0	0	0	1	0	0
spie	3.64298725	91.71220401	4.599271403	0.045537341	80	2014	101	1
spif	0	70	30	0	0	7	3	0
spig	0	54.90196078	45.09803922	0	0	28	23	0
spil	0	97.82608696	2.173913043	0	0	45	1	0
spin	0.539083558	82.61455526	16.84636119	0	4	613	125	0
spio	0	75.86206897	24.13793103	0	0	22	7	0
spip	0	0	100	0	0	0	1	0
spir	3.685092127	36.68341709	59.63149079	0	22	219	356	0
spit	0	100	0	0	0	1	0	0
spiu	50	50	0	0	1	1	0	0
spiz	0	33.33333333	66.66666667	0	0	1	2	0
sple	0	28.42105263	71.57894737	0	0	81	204	0
spoc	0	100	0	0	0	13	0	0
spod	0	100	0	0	0	5	0	0
spog	1.388888889	95.83333333	2.777777778	0	2	138	4	0
spol	0	93.10344828	6.896551724	0	0	54	4	0
spom	0	100	0	0	0	1	0	0
spon	8.695652174	64.34782609	26.95652174	0	20	148	62	0
spop	7.142857143	42.85714286	42.85714286	7.142857143	1	6	6	1
spor	0.308641975	96.45061728	3.240740741	0	2	625	21	0
spos	3.157894737	91.72932331	5.112781955	0	42	1220	68	0
spot	0	100	0	0	0	4	0	0
spra	0	100	0	0	0	27	0	0
spre	0	86.17511521	13.82488479	0	0	187	30	0
spri	0	80.64516129	19.35483871	0	0	25	6	0
spro	2.158273381	92.8057554	5.035971223	0	3	129	7	0
spru	0	84.7826087	15.2173913	0	0	39	7	0
spud	0	100	0	0	0	10	0	0
spug	0	100	0	0	0	42	0	0
spul	0	100	0	0	0	10	0	0
spum	3.125	96.875	0	0	1	31	0	0
spun	5.691056911	82.11382114	12.19512195	0	14	202	30	0
spup	0	100	0	0	0	1	0	0
spur	0	100	0	0	0	5	0	0
sput	10.52631579	81.57894737	7.894736842	0	4	31	3	0
squa	0.411184211	92.51644737	7.072368421	0	5	1125	86	0
squi	1.840490798	95.70552147	2.45398773	0	3	156	4	0
srad	9.523809524	90.47619048	0	0	2	19	0	0
srag	0	100	0	0	0	1	0	0
sreb	0	100	0	0	0	5	0	0
sreg	0	100	0	0	0	5	0	0
srot	6.666666667	73.33333333	20	0	1	11	3	0
stab	13.41772152	68.98734177	17.59493671	0	106	545	139	0
stac	3.867403315	88.95027624	7.182320442	0	7	161	13	0
stad	0	100	0	0	0	262	0	0
staf	0	100	0	0	0	55	0	0
stag	0.142653352	99.14407989	0.713266762	0	1	695	5	0
stai	0	100	0	0	0	9	0	0
staj	0	100	0	0	0	2	0	0
stak	0	100	0	0	0	5	0	0
stal	0	98.17073171	1.829268293	0	0	161	3	0
stam	0.67264574	98.87892377	0.448430493	0	6	882	4	0
stan	0.381315539	99.04671115	0.571973308	0	4	1039	6	0
stap	20	80	0	0	1	4	0	0
star	1.24	87.52	11.12	0.12	31	2188	278	3
stas	0	100	0	0	0	138	0	0
stat	0.079365079	95.75396825	4.166666667	0	2	2413	105	0
stav	0	100	0	0	0	155	0	0
staz	0	97.99196787	2.008032129	0	0	244	5	0
stec	0	100	0	0	0	49	0	0
stef	7.692307692	22.02797203	70.27972028	0	22	63	201	0
steg	0	100	0	0	0	1	0	0
stel	0	99.74489796	0.255102041	0	0	391	1	0
stem	1.724137931	79.31034483	13.79310345	5.172413793	1	46	8	3
sten	0.408163265	80	19.59183673	0	1	196	48	0
step	0	100	0	0	0	7	0	0
ster	5.309734513	69.02654867	25.66371681	0	18	234	87	0
stes	0	100	0	0	0	3979	0	0
stig	0	94.11764706	5.882352941	0	0	16	1	0
stil	0.654664484	94.599018	4.746317512	0	4	578	29	0
stim	0.765306122	67.60204082	29.33673469	2.295918367	3	265	115	9
stin	0	94.11764706	5.882352941	0	0	16	1	0
stip	0.487804878	94.63414634	4.87804878	0	1	194	10	0
stir	1.724137931	98.27586207	0	0	1	57	0	0
stit	0	100	0	0	0	3	0	0
stiv	0	100	0	0	0	61	0	0
stiz	0	100	0	0	0	16	0	0
stoc	0	98.46153846	1.538461538	0	0	64	1	0
stof	0	100	0	0	0	46	0	0
stoi	0	30	70	0	0	3	7	0
stol	0	86.95652174	13.04347826	0	0	20	3	0
stom	0	3.703703704	96.2962963	0	0	3	78	0
ston	0	100	0	0	0	13	0	0
stop	0	100	0	0	0	29	0	0
stor	0.11971269	77.61372706	22.26656026	0	3	1945	558	0
stov	0	100	0	0	0	6	0	0
stra	0.399811853	96.47224835	3.104421449	0.023518344	17	4102	132	1
stre	0.142045455	98.72159091	1.136363636	0	1	695	8	0
stri	0.773993808	81.42414861	17.80185759	0	5	526	115	0
stro	2.926829268	85.36585366	11.70731707	0	6	175	24	0
stru	0.105820106	98.62433862	1.26984127	0	1	932	12	0
stto	0	100	0	0	0	1	0	0
stuc	0	68.96551724	31.03448276	0	0	20	9	0
stud	0.679501699	97.73499434	1.585503964	0	12	1726	28	0
stuf	0	100	0	0	0	70	0	0
stuo	0	100	0	0	0	15	0	0
stup	5.280528053	77.22772277	17.49174917	0	32	468	106	0
stur	0	100	0	0	0	15	0	0
stuz	7.317073171	85.36585366	4.87804878	2.43902439	3	35	2	1
suad	0	100	0	0	0	10	0	0
suba	8.510638298	65.95744681	25.53191489	0	4	31	12	0
subb	0	100	0	0	0	10	0	0
subc	0	100	0	0	0	16	0	0
subd	0	60	40	0	0	6	4	0
sube	10.52631579	81.57894737	7.894736842	0	4	31	3	0
subi	0.516351119	16.12162937	83.36201951	0	9	281	1453	0
subl	0	100	0	0	0	40	0	0
subn	0	100	0	0	0	5	0	0
subo	2.631578947	97.36842105	0	0	1	37	0	0
subs	0	100	0	0	0	4	0	0
subt	0	75	25	0	0	3	1	0
subu	11.11111111	88.88888889	0	0	1	8	0	0
subv	0	100	0	0	0	1	0	0
suca	0	100	0	0	0	1	0	0
succ	2.040816327	94.60034014	3.358843537	0	48	2225	79	0
suda	0	69.51871658	30.48128342	0	0	130	57	0
sudc	0	100	0	0	0	4	0	0
sudd	0	60.90225564	39.09774436	0	0	81	52	0
sude	0	100	0	0	0	6	0	0
sudi	0	50	50	0	0	8	8	0
sudo	0	100	0	0	0	60	0	0
sudt	0	100	0	0	0	5	0	0
suff	0	100	0	0	0	284	0	0
sufi	0	100	0	0	0	1	0	0
sugg	3.726708075	90.26915114	6.004140787	0	18	436	29	0
sugh	0	25	75	0	0	2	6	0
sugo	0	100	0	0	0	12	0	0
suic	4.575163399	91.50326797	3.921568627	0	7	140	6	0
suin	0	100	0	0	0	4	0	0
sulc	100	0	0	0	4	0	0	0
sulf	0	0	100	0	0	0	5	0
sulm	0	100	0	0	0	1	0	0
suls	0	100	0	0	0	1	0	0
sult	0	100	0	0	0	15	0	0
suma	0	100	0	0	0	3	0	0
summ	0	100	0	0	0	8	0	0
sumu	100	0	0	0	2	0	0	0
sund	0	0	100	0	0	0	10	0
sunn	0	100	0	0	0	1	0	0
sunt	0	100	0	0	0	2	0	0
suoc	0	22.03389831	77.96610169	0	0	13	46	0
suol	0	100	0	0	0	133	0	0
suon	3.454231434	88.08290155	8.462867012	0	20	510	49	0
suor	0	100	0	0	0	58	0	0
supe	3.68597415	87.6974629	8.472953566	0.143609382	77	1832	177	3
supi	0	100	0	0	0	8	0	0
supp	1.92926045	89.38906752	8.681672026	0	6	278	27	0
supr	0	100	0	0	0	102	0	0
surc	0	85.71428571	14.28571429	0	0	6	1	0
surg	0	100	0	0	0	32	0	0
suri	0	100	0	0	0	1	0	0
surm	0	100	0	0	0	3	0	0
surp	100	0	0	0	8	0	0	0
surr	0	96.77419355	3.225806452	0	0	60	2	0
susa	2.272727273	97.72727273	0	0	1	43	0	0
susc	7.916666667	65.41666667	25.83333333	0.833333333	19	157	62	2
sush	0	100	0	0	0	1	0	0
susi	0	100	0	0	0	3	0	0
suss	16.86746988	68.6746988	14.45783133	0	42	171	36	0
sutr	0	100	0	0	0	2	0	0
sutt	0	100	0	0	0	1	0	0
sutu	0	100	0	0	0	9	0	0
suvi	0	100	0	0	0	1	0	0
suvv	0	100	0	0	0	4	0	0
suzi	0	100	0	0	0	1	0	0
suzu	0	100	0	0	0	11	0	0
svag	0	100	0	0	0	37	0	0
sval	0	95.83333333	4.166666667	0	0	46	2	0
svam	0	100	0	0	0	3	0	0
svan	5.882352941	84.87394958	9.243697479	0	7	101	11	0
svap	0	100	0	0	0	3	0	0
svar	0	97.22222222	2.777777778	0	0	35	1	0
svas	0	45.45454545	54.54545455	0	0	5	6	0
svec	0	100	0	0	0	2	0	0
sved	0	100	0	0	0	68	0	0
sveg	6.722689076	86.55462185	6.722689076	0	16	206	16	0
svel	1.418439716	94.32624113	4.255319149	0	2	133	6	0
sven	1.714285714	80	18.28571429	0	3	140	32	0
sver	7.692307692	76.92307692	15.38461538	0	1	10	2	0
sves	22.22222222	66.66666667	11.11111111	0	2	6	1	0
svet	0	88.88888889	11.11111111	0	0	8	1	0
svev	0	100	0	0	0	25	0	0
svez	0	100	0	0	0	79	0	0
svia	0	0	100	0	0	0	6	0
svic	0	0	100	0	0	0	1	0
svig	0	33.33333333	66.66666667	0	0	6	12	0
svil	1.339285714	94.04761905	4.613095238	0	9	632	31	0
svin	0	40	60	0	0	10	15	0
svio	0	100	0	0	0	3	0	0
svis	0	100	0	0	0	11	0	0
svit	0	100	0	0	0	10	0	0
sviz	0	0	100	0	0	0	241	0
svog	0	100	0	0	0	11	0	0
svol	4.238258877	74.34135166	21.42038946	0	37	649	187	0
svuo	1.041666667	88.54166667	10.41666667	0	1	85	10	0
taba	0	100	0	0	0	85	0	0
tabe	0	100	0	0	0	81	0	0
tabl	0	100	0	0	0	5	0	0
tabo	0	100	0	0	0	10	0	0
tabu	7.692307692	76.92307692	15.38461538	0	1	10	2	0
tacc	0	99.15254237	0.847457627	0	0	117	1	0
tace	2.564102564	82.90598291	14.52991453	0	3	97	17	0
tach	0	0	100	0	0	0	4	0
taci	0	33.33333333	66.66666667	0	0	13	26	0
tadd	0	100	0	0	0	4	0	0
tadi	0	100	0	0	0	5	0	0
tafa	0	100	0	0	0	2	0	0
taff	44.44444444	55.55555556	0	0	4	5	0	0
tafu	0	100	0	0	0	2	0	0
tagg	0	100	0	0	0	8	0	0
tagi	0	100	0	0	0	2	0	0
tagl	2.6957638	91.39922978	5.905006418	0	21	712	46	0
tago	0	100	0	0	0	2	0	0
tahi	0	100	0	0	0	6	0	0
tail	0	100	0	0	0	4	0	0
taiw	0	0	100	0	0	0	12	0
tala	0	75	25	0	0	18	6	0
talc	0	100	0	0	0	5	0	0
tale	0	100	0	0	0	146	0	0
tali	0	100	0	0	0	9	0	0
tall	0	86.36363636	13.63636364	0	0	19	3	0
talm	0	99.06542056	0.934579439	0	0	106	1	0
talo	0	100	0	0	0	31	0	0
talp	0	100	0	0	0	10	0	0
talu	0	100	0	0	0	32	0	0
talv	0	100	0	0	0	172	0	0
tama	11.76470588	88.23529412	0	0	2	15	0	0
tamb	0	100	0	0	0	50	0	0
tame	0	100	0	0	0	2	0	0
tami	0	100	0	0	0	5	0	0
tamm	0	100	0	0	0	1	0	0
tamp	0	94.44444444	5.555555556	0	0	51	3	0
tana	10	80	10	0	1	8	1	0
tanc	0	100	0	0	0	17	0	0
tand	0	100	0	0	0	21	0	0
tanf	0	100	0	0	0	2	0	0
tang	0.704225352	55.63380282	43.66197183	0	3	237	186	0
tani	0	71.05263158	28.94736842	0	0	27	11	0
tank	0	100	0	0	0	1	0	0
tann	0	100	0	0	0	1	0	0
tant	0.024479804	99.95104039	0.024479804	0	1	4083	1	0
tanz	0	100	0	0	0	9	0	0
taod	0	100	0	0	0	2	0	0
taoi	0	100	0	0	0	5	0	0
taor	0	100	0	0	0	30	0	0
tape	0	100	0	0	0	4	0	0
tapi	37.5	62.5	0	0	3	5	0	0
tapp	0	99.53810624	0.461893764	0	0	431	2	0
tara	2.5	43.75	53.75	0	2	35	43	0
tarc	0	100	0	0	0	16	0	0
tard	0.576923077	98.07692308	1.346153846	0	3	510	7	0
targ	0	100	0	0	0	124	0	0
tari	0	100	0	0	0	68	0	0
tarl	0	100	0	0	0	12	0	0
tarm	0	100	0	0	0	2	0	0
taro	0	100	0	0	0	8	0	0
tarp	0	100	0	0	0	2	0	0
tarq	0	100	0	0	0	13	0	0
tarr	0	100	0	0	0	3	0	0
tars	0	100	0	0	0	4	0	0
tart	0	90.0990099	9.900990099	0	0	91	10	0
taru	0	100	0	0	0	1	0	0
tarv	0	100	0	0	0	1	0	0
tarz	0	100	0	0	0	4	0	0
tasc	0	92.06349206	7.936507937	0	0	174	15	0
tasl	0	0	100	0	0	0	1	0
tass	2.926829268	96.42276423	0.650406504	0	18	593	4	0
tast	0	98.80952381	1.19047619	0	0	83	1	0
tata	9.090909091	81.81818182	9.090909091	0	1	9	1	0
tati	0	100	0	0	0	10	0	0
tatj	0	100	0	0	0	4	0	0
tatr	100	0	0	0	1	0	0	0
tatt	0	14.61538462	85.38461538	0	0	19	111	0
tatu	3.225806452	96.77419355	0	0	1	30	0	0
taum	0	87.5	12.5	0	0	7	1	0
taur	22.72727273	77.27272727	0	0	5	17	0	0
taut	0	0	100	0	0	0	1	0
tava	0	100	0	0	0	8	0	0
tave	0	100	0	0	0	18	0	0
tavi	0	100	0	0	0	3	0	0
tavo	0	16.03630862	83.96369138	0	0	106	555	0
taxi	0	100	0	0	0	11	0	0
tazi	0	100	0	0	0	2	0	0
tazm	0	100	0	0	0	1	0	0
tazz	0	100	0	0	0	73	0	0
teat	0.126262626	99.87373737	0	0	1	791	0	0
teba	0	100	0	0	0	3	0	0
teca	0	100	0	0	0	2	0	0
tecc	0	100	0	0	0	5	0	0
tecl	0	100	0	0	0	4	0	0
tecn	0	17.44284505	82.55715495	0	0	206	975	0
tede	0	100	0	0	0	609	0	0
tedi	0	83.33333333	16.66666667	0	0	5	1	0
tefa	100	0	0	0	1	0	0	0
tefl	0	100	0	0	0	6	0	0
tega	0	100	0	0	0	11	0	0
tegl	0	100	0	0	0	8	0	0
tego	0	0	100	0	0	0	21	0
teie	0	100	0	0	0	4	0	0
tein	0	100	0	0	0	1	0	0
teje	0	100	0	0	0	1	0	0
tela	0	100	0	0	0	39	0	0
tele	1.896125309	69.66199505	27.98845837	0.45342127	46	1690	679	11
tell	0	85.71428571	14.28571429	0	0	6	1	0
telo	0	100	0	0	0	5	0	0
tema	0	0	100	0	0	0	27	0
teme	1.818181818	81.81818182	16.36363636	0	4	180	36	0
temi	0	0	100	0	0	0	24	0
temo	0	0	100	0	0	0	12	0
temp	0.236873273	98.42084485	1.342281879	0	12	4986	68	0
temu	0	100	0	0	0	19	0	0
tena	0	100	0	0	0	62	0	0
tenc	0	100	0	0	0	10	0	0
tend	1.903114187	83.0449827	15.05190311	0	11	480	87	0
tene	6.728425158	80.10726475	13.16431009	0	138	1643	270	0
teni	0	100	0	0	0	1	0	0
tenn	0	96.92307692	3.076923077	0	0	189	6	0
teno	0	98.5915493	1.408450704	0	0	70	1	0
tens	0	100	0	0	0	261	0	0
tent	3.504482478	92.01303993	4.482477588	0	43	1129	55	0
tenu	0.714285714	99.28571429	0	0	1	139	0	0
tenz	0	100	0	0	0	3	0	0
teoc	0	13.33333333	86.66666667	0	0	2	13	0
teod	0	100	0	0	0	17	0	0
teof	0	50	50	0	0	1	1	0
teol	0	26.41509434	73.58490566	0	0	14	39	0
teor	0	77.41046832	22.58953168	0	0	281	82	0
teos	0	0	100	0	0	0	2	0
tepo	0	100	0	0	0	8	0	0
tepp	0	97.2972973	2.702702703	0	0	36	1	0
tequ	0	100	0	0	0	4	0	0
tera	0	67.03296703	32.96703297	0	0	122	60	0
terb	0	100	0	0	0	1	0	0
tere	0	100	0	0	0	97	0	0
terg	0	86.95652174	13.04347826	0	0	20	3	0
terl	0	100	0	0	0	6	0	0
term	1.138211382	25.52845528	73.00813008	0.325203252	14	314	898	4
tern	0	100	0	0	0	31	0	0
terr	0.076716532	87.91714614	12.00613732	0	2	2292	313	0
ters	0	100	0	0	0	11	0	0
tert	0	100	0	0	0	2	0	0
teru	0	100	0	0	0	1	0	0
terz	0	99.04559915	0.954400848	0	0	934	9	0
tesc	0	100	0	0	0	23	0	0
tese	0	100	0	0	0	4	0	0
tesi	0	100	0	0	0	2	0	0
teso	0	100	0	0	0	214	0	0
tess	0	70.91988131	29.08011869	0	0	239	98	0
test	0.318471338	97.81619654	1.86533212	0	7	2150	41	0
teta	0	0	100	0	0	0	2	0
tetr	0	70.83333333	29.16666667	0	0	17	7	0
tett	0	99.42857143	0.571428571	0	0	174	1	0
teul	0	100	0	0	0	7	0	0
teut	0	28.57142857	71.42857143	0	0	2	5	0
teve	0	0	100	0	0	0	36	0
texa	0	100	0	0	0	46	0	0
thai	0	100	0	0	0	7	0	0
that	0	100	0	0	0	16	0	0
them	0	100	0	0	0	12	0	0
theo	0	0	100	0	0	0	3	0
thie	0	100	0	0	0	3	0	0
thom	0	100	0	0	0	79	0	0
tiab	0	100	0	0	0	1	0	0
tiar	0	100	0	0	0	1	0	0
tiba	0	100	0	0	0	16	0	0
tibe	0	89.18918919	10.81081081	0	0	33	4	0
tibi	0	100	0	0	0	2	0	0
tibo	0	100	0	0	0	7	0	0
tibu	0	100	0	0	0	22	0	0
ticc	0	75	25	0	0	3	1	0
tici	0	100	0	0	0	26	0	0
tien	100	0	0	0	9	0	0	0
tiep	0	0	100	0	0	0	55	0
tifa	0	83.33333333	16.66666667	0	0	10	2	0
tiff	0	0	100	0	0	0	12	0
tifo	0	100	0	0	0	211	0	0
tiga	0	100	0	0	0	2	0	0
tigi	0	0	100	0	0	0	2	0
tigl	0	100	0	0	0	8	0	0
tign	0	100	0	0	0	2	0	0
tigr	0	100	0	0	0	46	0	0
tigu	0	100	0	0	0	2	0	0
tild	0	100	0	0	0	2	0	0
timb	4.411764706	67.64705882	27.94117647	0	3	46	19	0
time	0	100	0	0	0	2	0	0
timi	0	30.17241379	69.82758621	0	0	35	81	0
timo	1.492537313	94.40298507	4.104477612	0	4	253	11	0
timp	0	0	100	0	0	0	11	0
tina	0	50	50	0	0	1	1	0
tinc	0	100	0	0	0	3	0	0
tind	0	100	0	0	0	1	0	0
tine	0	58.33333333	41.66666667	0	0	7	5	0
ting	4.761904762	85.71428571	9.523809524	0	1	18	2	0
tinn	0	100	0	0	0	1	0	0
tino	100	0	0	0	1	0	0	0
tint	0.900900901	98.1981982	0.900900901	0	1	109	1	0
tion	0	100	0	0	0	6	0	0
tipi	0	13.70558376	86.29441624	0	0	27	170	0
tipo	0	68.62745098	31.37254902	0	0	35	16	0
tipp	0	100	0	0	0	1	0	0
tira	7.007575758	85.41666667	7.575757576	0	37	451	40	0
tirc	0	100	0	0	0	3	0	0
tire	0	100	0	0	0	7	0	0
tiri	100	0	0	0	2	0	0	0
tiro	7.843137255	92.15686275	0	0	4	47	0	0
tirr	0	80	20	0	0	20	5	0
tiru	0	100	0	0	0	1	0	0
tisa	0	100	0	0	0	9	0	0
tisc	50	50	0	0	1	1	0	0
tise	0	100	0	0	0	2	0	0
tita	11.11111111	33.33333333	55.55555556	0	2	6	10	0
tite	100	0	0	0	3	0	0	0
titi	10	80	10	0	1	8	1	0
tito	0.447427293	19.79865772	79.75391499	0	4	177	713	0
titt	0	100	0	0	0	11	0	0
titu	9.090909091	90.90909091	0	0	1	10	0	0
tivo	0	0	100	0	0	0	5	0
tizi	0	100	0	0	0	72	0	0
tizz	0	100	0	0	0	7	0	0
toaf	0	100	0	0	0	4	0	0
toba	0	100	0	0	0	3	0	0
tobi	0	100	0	0	0	3	0	0
toca	0	100	0	0	0	2	0	0
tocc	7.27482679	87.29792148	5.427251732	0	63	756	47	0
toda	0	0	100	0	0	0	2	0
tode	0	100	0	0	0	3	0	0
todi	0	100	0	0	0	1	0	0
toel	0	100	0	0	0	1	0	0
tofa	0	0	100	0	0	0	5	0
toff	0	0	100	0	0	0	3	0
tofo	0	0	100	0	0	0	6	0
toga	0	100	0	0	0	11	0	0
togl	1.132686084	69.74110032	29.12621359	0	7	431	180	0
togn	2.272727273	97.72727273	0	0	1	43	0	0
toki	0	100	0	0	0	7	0	0
toky	0	100	0	0	0	71	0	0
told	0	100	0	0	0	1	0	0
tole	0	100	0	0	0	10	0	0
tolf	0	100	0	0	0	1	0	0
tolg	0	100	0	0	0	1	0	0
toll	0.78125	85.15625	10.9375	3.125	1	109	14	4
tolo	0	100	0	0	0	14	0	0
toma	0	100	0	0	0	22	0	0
tomb	0	95.81395349	4.186046512	0	0	206	9	0
tome	0	100	0	0	0	2	0	0
tomi	0	50	50	0	0	1	1	0
tomm	0	100	0	0	0	71	0	0
tomo	0	100	0	0	0	1	0	0
tona	65.71428571	20	14.28571429	0	46	14	10	0
tond	0	100	0	0	0	64	0	0
tone	0	100	0	0	0	3	0	0
tonf	0	100	0	0	0	22	0	0
tong	0	100	0	0	0	1	0	0
toni	3.947368421	72.36842105	23.68421053	0	3	55	18	0
tonk	0	100	0	0	0	1	0	0
tonn	0	100	0	0	0	95	0	0
tono	0	0	100	0	0	0	1	0
tont	0	100	0	0	0	12	0	0
tony	0	100	0	0	0	3	0	0
topa	0	100	0	0	0	4	0	0
topi	0	0	100	0	0	0	5	0
topo	2.898550725	72.46376812	24.63768116	0	2	50	17	0
topp	0	100	0	0	0	9	0	0
topu	0	100	0	0	0	3	0	0
topv	0	100	0	0	0	1	0	0
tora	0	83.33333333	16.66666667	0	0	35	7	0
torb	0	25	75	0	0	7	21	0
torc	0	79.66101695	20.33898305	0	0	47	12	0
tord	0	100	0	0	0	7	0	0
tore	0	100	0	0	0	7	0	0
tori	0.669344043	99.33065596	0	0	5	742	0	0
torl	0	100	0	0	0	29	0	0
torm	0.591715976	94.67455621	4.733727811	0	1	160	8	0
torn	8.527827648	85.68222621	5.745062837	0.044883303	190	1909	128	1
toro	0	100	0	0	0	13	0	0
torp	0	94.11764706	5.882352941	0	0	16	1	0
torq	0	100	0	0	0	1	0	0
torr	0	92.56756757	7.432432432	0	0	274	22	0
tors	0	75	25	0	0	9	3	0
tort	0.315457413	94.32176656	5.362776025	0	1	299	17	0
torv	0	66.66666667	33.33333333	0	0	12	6	0
tosa	0	100	0	0	0	5	0	0
tosc	0.636942675	99.36305732	0	0	1	156	0	0
tose	0	100	0	0	0	3	0	0
tosi	0	100	0	0	0	1	0	0
toss	2.604166667	65.10416667	32.29166667	0	5	125	62	0
tost	0	94.59459459	5.405405405	0	0	35	2	0
tota	4.752066116	94.83471074	0.41322314	0	23	459	2	0
tote	0	100	0	0	0	2	0	0
toti	100	0	0	0	1	0	0	0
toto	7.142857143	78.57142857	14.28571429	0	1	11	2	0
tott	0	100	0	0	0	5	0	0
totu	0	100	0	0	0	2	0	0
tova	0	100	0	0	0	41	0	0
toxo	0	100	0	0	0	2	0	0
toyo	0	100	0	0	0	18	0	0
tozz	0	100	0	0	0	21	0	0
trab	1.851851852	81.48148148	16.66666667	0	1	44	9	0
trac	0.875273523	98.46827133	0.656455142	0	4	450	3	0
trad	0.62305296	97.81931464	1.557632399	0	8	1256	20	0
trae	0	100	0	0	0	1	0	0
traf	0	21.8220339	78.1779661	0	0	103	369	0
trag	0.18018018	71.71171171	28.10810811	0	1	398	156	0
trai	0	89.47368421	9.210526316	1.315789474	0	68	7	1
tral	4.651162791	93.02325581	2.325581395	0	2	40	1	0
tram	0.785340314	72.2513089	26.96335079	0	3	276	103	0
tran	10.09463722	81.49316509	8.307045216	0.105152471	96	775	79	1
trap	0.278551532	66.57381616	33.14763231	0	1	239	119	0
trar	0.975609756	91.2195122	7.804878049	0	2	187	16	0
tras	1.97693575	88.30313015	9.719934102	0	72	3216	354	0
trat	1.070663812	96.61670236	2.312633833	0	25	2256	54	0
trau	0	75.78947368	24.21052632	0	0	72	23	0
trav	0.88691796	92.23946785	6.873614191	0	4	416	31	0
traz	0	100	0	0	0	22	0	0
treb	0	100	0	0	0	7	0	0
trec	0	99.23664122	0.763358779	0	0	130	1	0
tred	0	16.15384615	83.84615385	0	0	21	109	0
treg	0	100	0	0	0	53	0	0
trek	0	100	0	0	0	14	0	0
trem	1.892744479	85.48895899	12.30283912	0.315457413	6	271	39	1
tren	3.984575835	95.11568123	0.899742931	0	31	740	7	0
trep	0	76.92307692	23.07692308	0	0	10	3	0
treq	0	100	0	0	0	9	0	0
tres	0	85.71428571	14.28571429	0	0	12	2	0
trev	2.5	97.5	0	0	2	78	0	0
trez	0	100	0	0	0	12	0	0
tria	0	18.36734694	81.63265306	0	0	9	40	0
trib	6.333973129	93.47408829	0.19193858	0	33	487	1	0
tric	0	92.30769231	7.692307692	0	0	60	5	0
trid	4	96	0	0	1	24	0	0
trie	0	100	0	0	0	145	0	0
trif	0	80	20	0	0	4	1	0
trig	0	78.125	21.875	0	0	25	7	0
tril	0	96.2962963	3.703703704	0	0	26	1	0
trim	0	98.03921569	1.960784314	0	0	50	1	0
trin	32.43243243	66.21621622	1.351351351	0	24	49	1	0
trio	3.361344538	92.43697479	4.201680672	0	8	220	10	0
trip	1.063829787	62.76595745	36.17021277	0	1	59	34	0
tris	2.34375	96.875	0.78125	0	6	248	2	0
trit	0	91.2	8.8	0	0	114	11	0
triu	0	100	0	0	0	7	0	0
triv	17.24137931	75.86206897	6.896551724	0	5	22	2	0
trof	0	100	0	0	0	39	0	0
trog	0	100	0	0	0	3	0	0
troi	0	98.55072464	1.449275362	0	0	68	1	0
trom	0	100	0	0	0	50	0	0
tron	1.648351648	96.7032967	1.648351648	0	3	176	3	0
trop	0	99.71815107	0.281848929	0	0	1769	5	0
trot	0	88.88888889	11.11111111	0	0	48	6	0
trov	4.328358209	86.79104478	8.880597015	0	174	3489	357	0
truc	1.104972376	98.34254144	0.552486188	0	2	178	1	0
truf	0	97.89473684	2.105263158	0	0	93	2	0
trul	0	100	0	0	0	4	0	0
trup	0	100	0	0	0	99	0	0
trus	0	100	0	0	0	8	0	0
tuar	0	100	0	0	0	2	0	0
tuba	0	100	0	0	0	10	0	0
tube	0	58.62068966	41.37931034	0	0	17	12	0
tubi	0	100	0	0	0	2	0	0
tubo	0	100	0	0	0	4	0	0
tubu	0	57.14285714	42.85714286	0	0	4	3	0
tucc	0	100	0	0	0	3	0	0
tuci	0	0	100	0	0	0	1	0
tucu	100	0	0	0	2	0	0	0
tufa	0	0	100	0	0	0	1	0
tuff	11.11111111	75.55555556	12.22222222	1.111111111	10	68	11	1
tugu	0	100	0	0	0	6	0	0
tula	0	100	0	0	0	1	0	0
tuli	0	100	0	0	0	5	0	0
tull	0	100	0	0	0	32	0	0
tumb	0	100	0	0	0	2	0	0
tume	0	100	0	0	0	5	0	0
tumi	0	100	0	0	0	1	0	0
tumo	0	100	0	0	0	69	0	0
tumu	0	92.59259259	7.407407407	0	0	25	2	0
tund	0	100	0	0	0	2	0	0
tung	0	100	0	0	0	3	0	0
tuni	0	67.24137931	32.75862069	0	0	39	19	0
tunn	0	100	0	0	0	51	0	0
tuon	9.722222222	86.11111111	4.166666667	0	7	62	3	0
tuor	0	100	0	0	0	29	0	0
tura	13.33333333	82.22222222	4.444444444	0	6	37	2	0
turb	2.678571429	90.625	6.696428571	0	6	203	15	0
turc	0	100	0	0	0	181	0	0
ture	100	0	0	0	4	0	0	0
turg	0	40	60	0	0	2	3	0
turi	0	72.4137931	27.5862069	0	0	210	80	0
turk	0	100	0	0	0	6	0	0
turn	0	100	0	0	0	275	0	0
turo	0	100	0	0	0	11	0	0
turp	0	90	10	0	0	18	2	0
turr	0	100	0	0	0	23	0	0
turt	0	100	0	0	0	2	0	0
tusc	0	63.63636364	36.36363636	0	0	7	4	0
tuta	0	100	0	0	0	3	0	0
tute	0	99.50738916	0.492610837	0	0	202	1	0
tuti	0	100	0	0	0	5	0	0
tuto	0	100	0	0	0	11	0	0
tutr	0	100	0	0	0	1	0	0
tuts	0	100	0	0	0	16	0	0
tutt	0.01546073	99.96134818	0.023191095	0	2	12931	3	0
tuzz	0	100	0	0	0	1	0	0
ubal	0	100	0	0	0	7	0	0
ubbi	4	76	20	0	1	19	5	0
uber	0	100	0	0	0	1	0	0
ubic	0	100	0	0	0	8	0	0
ubiq	0	100	0	0	0	5	0	0
ubol	0	100	0	0	0	1	0	0
ubri	0	99.00990099	0.99009901	0	0	100	1	0
ucce	0.613496933	99.38650307	0	0	1	162	0	0
ucch	0	100	0	0	0	2	0	0
ucci	1.244019139	79.0430622	19.71291866	0	13	826	206	0
ucel	0	100	0	0	0	8	0	0
ucra	0	100	0	0	0	86	0	0
uder	0	100	0	0	0	5	0	0
udib	20	0	80	0	1	0	4	0
udie	0	100	0	0	0	94	0	0
udin	0	62.68656716	37.31343284	0	0	42	25	0
udir	0	89.32038835	10.67961165	0	0	92	11	0
udit	0	100	0	0	0	34	0	0
udue	0	100	0	0	0	1	0	0
uffi	0.214438885	99.78556112	0	0	3	1396	0	0
ugan	0	100	0	0	0	10	0	0
ugel	0	100	0	0	0	2	0	0
ugen	0	100	0	0	0	3	0	0
uggi	0	100	0	0	0	5	0	0
ughe	0	100	0	0	0	3	0	0
ugol	0	70.58823529	29.41176471	0	0	12	5	0
ugon	0	100	0	0	0	2	0	0
ugua	0	100	0	0	0	253	0	0
ulce	0	66.66666667	33.33333333	0	0	2	1	0
ulia	0	100	0	0	0	1	0	0
ulis	0	100	0	0	0	33	0	0
uliv	0	100	0	0	0	23	0	0
uliz	0	100	0	0	0	1	0	0
ulle	0	100	0	0	0	1	0	0
ulna	0	100	0	0	0	1	0	0
ulte	0	100	0	0	0	234	0	0
ulti	0	3.664016592	96.33598341	0	0	106	2787	0
ultr	16.66666667	80.83333333	2.5	0	20	97	3	0
ulul	0	62.5	37.5	0	0	10	6	0
uman	14.60526316	81.71052632	3.684210526	0	111	621	28	0
umbe	0	99.45054945	0.549450549	0	0	181	1	0
umbr	0	91.42857143	8.571428571	0	0	32	3	0
umen	0	100	0	0	0	1	0	0
umet	0	100	0	0	0	2	0	0
umid	41.54929577	2.112676056	56.33802817	0	59	3	80	0
umil	15.95092025	52.7607362	31.28834356	0	26	86	51	0
umor	0	92.39130435	7.608695652	0	0	170	14	0
unaf	100	0	0	0	1	0	0	0
unan	51.38888889	4.166666667	44.44444444	0	37	3	32	0
unas	0	100	0	0	0	1	0	0
unci	0	100	0	0	0	13	0	0
undi	0	8.955223881	91.04477612	0	0	18	183	0
unga	0	12.5	87.5	0	0	3	21	0
unge	9.090909091	36.36363636	54.54545455	0	1	4	6	0
ungh	0	100	0	0	0	143	0	0
ungu	0	100	0	0	0	7	0	0
unic	0.382262997	2.52293578	97.09480122	0	5	33	1270	0
unid	20	40	40	0	1	2	2	0
unif	0	100	0	0	0	114	0	0
unig	0	0	100	0	0	0	2	0
unil	5	95	0	0	1	19	0	0
unin	0	100	0	0	0	71	0	0
unio	0	100	0	0	0	389	0	0
unip	0	100	0	0	0	1	0	0
unir	1.119402985	82.08955224	16.79104478	0	3	220	45	0
unis	0	0	100	0	0	0	10	0
unit	20.18592297	79.81407703	0	0	304	1202	0	0
univ	56.51720542	42.12721585	1.355578728	0	542	404	13	0
unom	0	100	0	0	0	1	0	0
unto	0	100	0	0	0	4	0	0
untu	22.22222222	77.77777778	0	0	2	7	0	0
unzi	0	100	0	0	0	5	0	0
uomi	0	0	100	0	0	0	1	0
uomo	0	0.154440154	99.84555985	0	0	2	1293	0
upup	0	0	100	0	0	0	2	0
urag	0	100	0	0	0	14	0	0
ural	0	100	0	0	0	8	0	0
uran	0	100	0	0	0	14	0	0
urba	1	77	22	0	3	231	66	0
urbi	0	100	0	0	0	11	0	0
urem	0	0	100	0	0	0	1	0
ureo	0	100	0	0	0	1	0	0
uret	0	100	0	0	0	6	0	0
urge	0	98.21428571	1.785714286	0	0	165	3	0
urgl	0	100	0	0	0	1	0	0
urgu	0	100	0	0	0	1	0	0
uria	0	100	0	0	0	2	0	0
urib	0	0	100	0	0	0	2	0
uric	0	0	100	0	0	0	2	0
urie	100	0	0	0	1	0	0	0
urin	0	100	0	0	0	34	0	0
urla	0	87.33333333	12.66666667	0	0	131	19	0
urli	0	100	0	0	0	1	0	0
urog	0	100	0	0	0	1	0	0
urol	0	50	50	0	0	1	1	0
uron	0	100	0	0	0	1	0	0
urru	0	0	100	0	0	0	1	0
ursi	0	100	0	0	0	1	0	0
ursu	0	0	100	0	0	0	22	0
urta	0	84.61538462	15.38461538	0	0	22	4	0
urti	0	100	0	0	0	4	0	0
urug	0	100	0	0	0	22	0	0
usan	0	100	0	0	0	26	0	0
usar	0.501504514	91.27382146	8.224674022	0	5	910	82	0
usat	0	100	0	0	0	30	0	0
usbe	0	100	0	0	0	1	0	0
usce	0	100	0	0	0	20	0	0
usci	2.89017341	89.72382787	7.385998715	0	45	1397	115	0
usen	0	0	100	0	0	0	13	0
usig	0	100	0	0	0	5	0	0
usin	100	0	0	0	2	0	0	0
ussa	0	100	0	0	0	2	0	0
usse	0	100	0	0	0	1	0	0
usta	16.66666667	83.33333333	0	0	1	5	0	0
usti	0	76.59574468	23.40425532	0	0	36	11	0
usto	0	100	0	0	0	1	0	0
usua	0	100	0	0	0	10	0	0
usuc	0	100	0	0	0	1	0	0
usuf	2.325581395	93.02325581	4.651162791	0	1	40	2	0
usur	0	99.23076923	0.769230769	0	0	129	1	0
uten	0	98	2	0	0	147	3	0
uter	0	28.57142857	71.42857143	0	0	6	15	0
utic	0	33.33333333	66.66666667	0	0	1	2	0
util	4.216315307	57.65352887	38.13015582	0	46	629	416	0
utop	0	73.07692308	26.92307692	0	0	38	14	0
uvag	0	100	0	0	0	1	0	0
uvas	0	100	0	0	0	1	0	0
uvet	0	100	0	0	0	11	0	0
uxor	0	100	0	0	0	4	0	0
uzbe	0	100	0	0	0	5	0	0
uzzo	0	0	100	0	0	0	1	0
va'r	0	100	0	0	0	2	0	0
vabb	100	0	0	0	3	0	0	0
vaca	0	100	0	0	0	391	0	0
vacc	0	100	0	0	0	74	0	0
vaci	6.25	84.375	9.375	0	2	27	3	0
vacu	27.27272727	72.72727273	0	0	3	8	0	0
vada	0	100	0	0	0	1	0	0
vade	0	100	0	0	0	6	0	0
vadi	100	0	0	0	9	0	0	0
vaga	0	94.84536082	5.154639175	0	0	92	5	0
vagg	0	100	0	0	0	1	0	0
vagh	12.5	81.25	6.25	0	2	13	1	0
vagi	0	100	0	0	0	17	0	0
vagl	0	100	0	0	0	44	0	0
vago	0	100	0	0	0	34	0	0
vaia	0	100	0	0	0	2	0	0
vail	0	100	0	0	0	1	0	0
vaio	0	100	0	0	0	1	0	0
vair	0	100	0	0	0	1	0	0
vala	0	97.82608696	2.173913043	0	0	45	1	0
valb	0	66.66666667	33.33333333	0	0	2	1	0
valc	0	83.33333333	16.66666667	0	0	5	1	0
vald	19.35483871	80.64516129	0	0	6	25	0	0
vale	2.928870293	87.23849372	9.832635983	0	14	417	47	0
valf	57.14285714	42.85714286	0	0	4	3	0	0
valg	0	100	0	0	0	2	0	0
vali	12.26993865	36.50306748	51.22699387	0	40	119	167	0
vall	0	100	0	0	0	371	0	0
valm	0	100	0	0	0	3	0	0
valn	0	100	0	0	0	2	0	0
valo	0	99.59072306	0.409276944	0	0	730	3	0
valp	0	100	0	0	0	7	0	0
vals	0	100	0	0	0	16	0	0
valt	10	90	0	0	1	9	0	0
valu	1.566579634	89.03394256	9.138381201	0.261096606	6	341	35	1
valv	0	7.5	92.5	0	0	3	37	0
valz	0	100	0	0	0	46	0	0
vamb	0	100	0	0	0	1	0	0
vamp	0	100	0	0	0	30	0	0
vana	0	100	0	0	0	10	0	0
vanc	0	100	0	0	0	9	0	0
vand	3.703703704	62.96296296	33.33333333	0	1	17	9	0
vane	0	100	0	0	0	20	0	0
vang	0	100	0	0	0	44	0	0
vani	30	66	4	0	30	66	4	0
vann	0	100	0	0	0	34	0	0
vano	0	100	0	0	0	15	0	0
vant	0	96.88195991	3.118040089	0	0	435	14	0
vanv	0	50	50	0	0	2	2	0
vanz	0	100	0	0	0	17	0	0
vapo	0	100	0	0	0	66	0	0
vara	0	99.23076923	0.769230769	0	0	129	1	0
varc	3.448275862	93.10344828	3.448275862	0	4	108	4	0
vard	0	100	0	0	0	1	0	0
vare	0	100	0	0	0	55	0	0
varg	0	100	0	0	0	7	0	0
vari	16.49746193	75.50761421	7.994923858	0	130	595	63	0
varo	0	100	0	0	0	1	0	0
varr	0	100	0	0	0	1	0	0
vars	0	100	0	0	0	28	0	0
vart	100	0	0	0	1	0	0	0
vasa	0	100	0	0	0	10	0	0
vasc	0	100	0	0	0	127	0	0
vase	0	100	0	0	0	22	0	0
vasi	0	100	0	0	0	2	0	0
vaso	0	100	0	0	0	2	0	0
vass	0	100	0	0	0	47	0	0
vast	6.024096386	93.97590361	0	0	10	156	0	0
vati	0	100	0	0	0	166	0	0
vatt	0	55.55555556	44.44444444	0	0	5	4	0
vava	0	100	0	0	0	1	0	0
vecc	0	100	0	0	0	1533	0	0
vect	0	100	0	0	0	3	0	0
vede	3.186836076	91.50177046	5.31139346	0	153	4393	255	0
vedo	0	6.140350877	93.85964912	0	0	7	107	0
vedr	0	100	0	0	0	2	0	0
vedu	0	100	0	0	0	33	0	0
veem	0	100	0	0	0	14	0	0
vege	0	95.96774194	3.225806452	0.806451613	0	119	4	1
vegg	0	100	0	0	0	7	0	0
vegl	2.325581395	88.37209302	9.302325581	0	1	38	4	0
vehi	0	0	100	0	0	0	1	0
veic	0	1.550387597	98.4496124	0	0	2	127	0
vela	1.724137931	96.55172414	1.724137931	0	1	56	1	0
velc	0	100	0	0	0	1	0	0
vele	0.862068966	99.13793103	0	0	1	115	0	0
veli	0	63.85542169	36.14457831	0	0	53	30	0
vell	12.5	79.54545455	6.818181818	1.136363636	11	70	6	1
velo	47.70114943	49.23371648	3.0651341	0	249	257	16	0
velt	0	100	0	0	0	40	0	0
vena	0	100	0	0	0	31	0	0
venc	0	100	0	0	0	4	0	0
vend	0.330578512	54.95867769	44.54545455	0.165289256	4	665	539	2
vene	29.69094923	43.26710817	27.0419426	0	269	392	245	0
veni	8.27748821	70.19111442	21.53139737	0	667	5656	1735	0
veno	0	100	0	0	0	6	0	0
vent	3.491827637	93.38781575	3.120356612	0	47	1257	42	0
venu	0	100	0	0	0	8	0	0
vera	0	100	0	0	0	326	0	0
verb	0.552486188	98.89502762	0.552486188	0	1	179	1	0
verc	0	100	0	0	0	24	0	0
verd	0.801832761	99.0836197	0.114547537	0	7	865	1	0
vere	0	100	0	0	0	10	0	0
verg	4.927536232	76.23188406	18.84057971	0	17	263	65	0
veri	56.14194722	28.75341219	12.92083712	2.183803458	617	316	142	24
verm	0	100	0	0	0	62	0	0
vern	0	98.52941176	1.470588235	0	0	67	1	0
vero	0	83.43558282	16.56441718	0	0	136	27	0
verr	0	100	0	0	0	8	0	0
vers	0.75031263	98.12421842	1.125468945	0	18	2354	27	0
vert	0.408997955	29.85685072	69.73415133	0	2	146	341	0
verz	0	100	0	0	0	12	0	0
vesc	0	20.86330935	79.13669065	0	0	29	110	0
vesi	0	100	0	0	0	4	0	0
vesp	0	100	0	0	0	51	0	0
vess	0	94.44444444	5.555555556	0	0	17	1	0
vest	1.221166893	94.97964722	3.799185889	0	9	700	28	0
vesu	4.545454545	95.45454545	0	0	1	21	0	0
vete	0	81.69014085	18.30985915	0	0	58	13	0
vetr	0.56980057	99.43019943	0	0	2	349	0	0
vett	0	99.73684211	0.263157895	0	0	379	1	0
vetu	0	100	0	0	0	5	0	0
vexa	0	100	0	0	0	1	0	0
vexi	0	100	0	0	0	2	0	0
vezz	0	100	0	0	0	19	0	0
viab	92.30769231	0	7.692307692	0	12	0	1	0
viac	0	100	0	0	0	5	0	0
viad	0	100	0	0	0	6	0	0
viag	0.236406619	95.62647754	4.137115839	0	2	809	35	0
vial	0	100	0	0	0	377	0	0
vian	0	100	0	0	0	38	0	0
viar	0	100	0	0	0	20	0	0
viat	0	0	100	0	0	0	5	0
viav	0	100	0	0	0	7	0	0
vibe	0	100	0	0	0	1	0	0
vibr	1.030927835	93.81443299	5.154639175	0	1	91	5	0
vica	0	100	0	0	0	31	0	0
vicc	0	100	0	0	0	1	0	0
vice	0.757575758	94.04761905	5.194805195	0	7	869	48	0
vich	0	100	0	0	0	11	0	0
vici	0	98.83630721	1.163692785	0	0	1274	15	0
vico	0	3.50877193	96.49122807	0	0	2	55	0
vict	0	100	0	0	0	35	0	0
vida	87.5	12.5	0	0	7	1	0	0
vide	0.318471338	30.89171975	68.78980892	0	1	97	216	0
vidi	0	100	0	0	0	1	0	0
vido	0	100	0	0	0	1	0	0
vien	0	100	0	0	0	83	0	0
viep	100	0	0	0	4	0	0	0
vier	0	100	0	0	0	6	0	0
vies	0	100	0	0	0	4	0	0
viet	16.73819742	80.68669528	2.575107296	0	39	188	6	0
viez	0	0	100	0	0	0	1	0
viga	15	85	0	0	3	17	0	0
vige	0	78.57142857	21.42857143	0	0	22	6	0
vigg	100	0	0	0	3	0	0	0
vigi	0.348432056	52.61324042	46.34146341	0.696864111	2	302	266	4
vigl	0	100	0	0	0	21	0	0
vign	0	100	0	0	0	67	0	0
vigo	0	100	0	0	0	171	0	0
viki	0	100	0	0	0	2	0	0
vilg	100	0	0	0	1	0	0	0
vili	0	100	0	0	0	6	0	0
vill	0	99.88913525	0.110864745	0	0	901	1	0
viln	0	100	0	0	0	4	0	0
vilt	100	0	0	0	9	0	0	0
vilu	0	100	0	0	0	3	0	0
vime	0	100	0	0	0	5	0	0
vimi	0	79.31034483	20.68965517	0	0	23	6	0
vimo	0	100	0	0	0	2	0	0
vina	0	75	25	0	0	3	1	0
vinc	1.437699681	77.15654952	21.4057508	0	27	1449	402	0
vine	0	100	0	0	0	4	0	0
ving	0	100	0	0	0	1	0	0
vini	0	69.23076923	30.76923077	0	0	9	4	0
vino	0	100	0	0	0	3	0	0
vint	0	100	0	0	0	30	0	0
vinz	0	100	0	0	0	2	0	0
viol	0.415282392	97.59136213	1.993355482	0	5	1175	24	0
vior	0	100	0	0	0	2	0	0
viot	0	28.57142857	71.42857143	0	0	4	10	0
vipe	0	0	100	0	0	0	6	0
vipi	0	100	0	0	0	1	0	0
vira	0	94.59459459	5.405405405	0	0	35	2	0
virg	0	78.16091954	21.83908046	0	0	68	19	0
viri	34.14634146	65.85365854	0	0	14	27	0	0
virn	0	100	0	0	0	10	0	0
virr	0	100	0	0	0	1	0	0
virt	58.52534562	38.70967742	2.764976959	0	127	84	6	0
viru	0	100	0	0	0	68	0	0
visa	0	100	0	0	0	7	0	0
visc	0	72.34042553	27.65957447	0	0	68	26	0
vise	5.263157895	73.68421053	21.05263158	0	1	14	4	0
visi	1.827411168	54.5177665	42.94416244	0.710659898	18	537	423	7
visn	0	100	0	0	0	1	0	0
viso	5.263157895	94.73684211	0	0	1	18	0	0
visp	0	100	0	0	0	12	0	0
viss	0	100	0	0	0	18	0	0
vist	0.126103405	99.74779319	0.126103405	0	1	791	1	0
visu	0	95.45454545	4.545454545	0	0	21	1	0
vita	16.66666667	80.68181818	2.651515152	0	44	213	7	0
vite	0	100	0	0	0	37	0	0
viti	55.55555556	33.33333333	11.11111111	0	10	6	2	0
vito	0	0	100	0	0	0	2	0
vitr	0	66.66666667	33.33333333	0	0	8	4	0
vitt	0.138696255	64.63245492	35.22884882	0	2	932	508	0
vitu	0	100	0	0	0	5	0	0
viuz	0	100	0	0	0	9	0	0
viva	13.79310345	83.33333333	2.873563218	0	24	145	5	0
vive	0.860585198	49.34021801	49.79919679	0	15	860	868	0
vivi	4.347826087	65.2173913	28.98550725	1.449275362	3	45	20	1
vivo	0	0	100	0	0	0	1	0
vizi	1.075268817	98.92473118	0	0	1	92	0	0
vizz	0	100	0	0	0	23	0	0
vlad	0	100	0	0	0	3	0	0
vobi	0	100	0	0	0	9	0	0
voca	1.796407186	84.43113772	13.77245509	0	3	141	23	0
voce	0	100	0	0	0	2	0	0
voci	0	85.71428571	14.28571429	0	0	18	3	0
voda	0	100	0	0	0	1	0	0
vodk	0	100	0	0	0	5	0	0
voer	0	100	0	0	0	1	0	0
voga	0	100	0	0	0	4	0	0
vogh	0	100	0	0	0	6	0	0
vogl	0.479616307	99.52038369	0	0	2	415	0	0
voia	0	100	0	0	0	1	0	0
vola	2.935010482	84.69601677	12.36897275	0	14	404	59	0
volc	100	0	0	0	12	0	0	0
vole	4.380077711	84.77569763	10.84422466	0	248	4800	614	0
volg	13.69047619	68.45238095	17.85714286	0	23	115	30	0
voli	0	100	0	0	0	12	0	0
voll	0	100	0	0	0	2	0	0
volo	57.99180328	41.80327869	0.204918033	0	283	204	1	0
volp	0	100	0	0	0	45	0	0
volt	0.831305758	98.54014599	0.628548256	0	41	4860	31	0
volu	6.130268199	92.72030651	1.149425287	0	16	242	3	0
volv	0	100	0	0	0	10	0	0
vome	0	0	100	0	0	0	4	0
vomi	0	40.625	53.125	6.25	0	13	17	2
vong	0	0	100	0	0	0	6	0
vora	9.375	37.5	53.125	0	3	12	17	0
vort	0	41.66666667	58.33333333	0	0	15	21	0
voss	100	0	0	0	1	0	0	0
vost	0	100	0	0	0	536	0	0
vota	2.78372591	94.64668094	2.569593148	0	13	442	12	0
voti	0	100	0	0	0	6	0	0
votu	0	100	0	0	0	1	0	0
vulc	0	61.42857143	38.57142857	0	0	43	27	0
vulg	0	100	0	0	0	4	0	0
vull	0	100	0	0	0	2	0	0
vuln	5.405405405	8.108108108	86.48648649	0	2	3	32	0
vuot	0.787401575	98.68766404	0.524934383	0	3	376	2	0
wagn	0	100	0	0	0	9	0	0
wert	0	100	0	0	0	4	0	0
will	0	100	0	0	0	7	0	0
xeno	0	33.33333333	66.66666667	0	0	3	6	0
xero	0	100	0	0	0	1	0	0
yalt	0	100	0	0	0	5	0	0
yama	0	100	0	0	0	13	0	0
yogh	0	100	0	0	0	1	0	0
yogu	0	100	0	0	0	36	0	0
yupp	0	100	0	0	0	2	0	0
zaba	0	100	0	0	0	2	0	0
zacc	0	100	0	0	0	11	0	0
zach	0	100	0	0	0	1	0	0
zadr	0	100	0	0	0	2	0	0
zaff	0	100	0	0	0	23	0	0
zafo	0	100	0	0	0	2	0	0
zaga	0	87.09677419	12.90322581	0	0	27	4	0
zagn	0	0	100	0	0	0	2	0
zain	0	100	0	0	0	25	0	0
zair	0	100	0	0	0	7	0	0
zamb	0	100	0	0	0	8	0	0
zami	100	0	0	0	1	0	0	0
zamo	0	100	0	0	0	1	0	0
zamp	0	98.79518072	1.204819277	0	0	82	1	0
zana	0	100	0	0	0	6	0	0
zand	0	100	0	0	0	1	0	0
zane	5	95	0	0	1	19	0	0
zanf	0	100	0	0	0	1	0	0
zani	25	75	0	0	3	9	0	0
zann	0	100	0	0	0	15	0	0
zano	0	100	0	0	0	41	0	0
zanu	0	100	0	0	0	9	0	0
zanz	0	100	0	0	0	34	0	0
zapa	0	100	0	0	0	6	0	0
zapo	100	0	0	0	2	0	0	0
zapp	0	92.85714286	7.142857143	0	0	26	2	0
zara	0	100	0	0	0	1	0	0
zard	0	100	0	0	0	15	0	0
zare	0	100	0	0	0	1	0	0
zari	0	100	0	0	0	12	0	0
zarr	0	100	0	0	0	3	0	0
zatt	0	10.52631579	89.47368421	0	0	2	17	0
zava	0	100	0	0	0	4	0	0
zavi	0	100	0	0	0	1	0	0
zavo	0	58.33333333	41.66666667	0	0	7	5	0
zazz	0	0	100	0	0	0	3	0
ze'l	0	100	0	0	0	3	0	0
zebe	0	100	0	0	0	1	0	0
zebr	0	100	0	0	0	4	0	0
zecc	0	100	0	0	0	39	0	0
zeff	0	100	0	0	0	22	0	0
zefi	0	0	100	0	0	0	7	0
zegn	0	100	0	0	0	2	0	0
zela	0	100	0	0	0	30	0	0
zeli	0	100	0	0	0	5	0	0
zell	0	100	0	0	0	1	0	0
zema	0	100	0	0	0	24	0	0
zena	0	100	0	0	0	2	0	0
zend	0	100	0	0	0	1	0	0
zeng	0	100	0	0	0	14	0	0
zeni	0	100	0	0	0	8	0	0
zenn	0	100	0	0	0	2	0	0
zeno	14.28571429	85.71428571	0	0	1	6	0	0
zenz	0	0	100	0	0	0	4	0
zepp	0	100	0	0	0	40	0	0
zerb	0	100	0	0	0	8	0	0
zerl	0	100	0	0	0	1	0	0
zero	0	100	0	0	0	4	0	0
ziba	0	100	0	0	0	1	0	0
zibe	0	100	0	0	0	4	0	0
zibi	0	0	100	0	0	0	2	0
ziga	66.66666667	33.33333333	0	0	2	1	0	0
zigo	0	0	100	0	0	0	6	0
zigz	57.14285714	42.85714286	0	0	4	3	0	0
zile	0	100	0	0	0	1	0	0
zill	0	100	0	0	0	8	0	0
zima	0	100	0	0	0	1	0	0
zimb	0	100	0	0	0	2	0	0
zinc	0	100	0	0	0	15	0	0
zind	0	100	0	0	0	1	0	0
zine	0	100	0	0	0	3	0	0
zing	0	16.66666667	83.33333333	0	0	7	35	0
zirc	0	100	0	0	0	3	0	0
zirl	0	100	0	0	0	1	0	0
ziro	0	100	0	0	0	3	0	0
zite	0	100	0	0	0	6	0	0
zitt	6.12244898	93.87755102	0	0	3	46	0	0
ziva	0	100	0	0	0	4	0	0
zizz	0	100	0	0	0	2	0	0
zoag	0	100	0	0	0	1	0	0
zocc	0	20	80	0	0	7	28	0
zodi	0	46.15384615	53.84615385	0	0	6	7	0
zoet	0	0	100	0	0	0	1	0
zoff	0	0	100	0	0	0	3	0
zola	0	100	0	0	0	1	0	0
zolf	0	100	0	0	0	6	0	0
zoli	0	100	0	0	0	1	0	0
zoll	0	100	0	0	0	15	0	0
zolt	100	0	0	0	1	0	0	0
zomb	0	100	0	0	0	5	0	0
zomp	0	100	0	0	0	8	0	0
zona	0	100	0	0	0	7	0	0
zond	0	100	0	0	0	1	0	0
zoni	33.33333333	66.66666667	0	0	1	2	0	0
zoof	0	33.33333333	66.66666667	0	0	1	2	0
zool	0	17.64705882	82.35294118	0	0	3	14	0
zoop	0	100	0	0	0	2	0	0
zoot	0	0	100	0	0	0	4	0
zopl	0	100	0	0	0	1	0	0
zopp	0	84	16	0	0	21	4	0
zoro	0	100	0	0	0	2	0	0
zorr	0	100	0	0	0	4	0	0
zoti	0	75	25	0	0	3	1	0
zuav	0	100	0	0	0	2	0	0
zucc	0	41.20171674	58.79828326	0	0	96	137	0
zuff	0	100	0	0	0	4	0	0
zufo	0	33.33333333	66.66666667	0	0	1	2	0
zupp	0	100	0	0	0	28	0	0
zuri	0	100	0	0	0	29	0	0
zurl	20	80	0	0	2	8	0	0
zuzz	0	100	0	0	0	13	0	0
